Time,Thrust,Mach number,Altitude,Cd
,N,,Feet,
0,0,0,0,0.27017
0.0175,2934.159375,0.00076,0.005,0.27017
0.035,5868.31875,0.003774,0.047,0.27017
0.0525,8802.478125,0.009081,0.173,0.27017
0.07,8669.341579,0.015641,0.419,0.270171
0.0875,8253.17875,0.021692,0.788,0.270171
0.105,8018.9316,0.027557,1.274,0.270171
0.1225,7762.4446,0.033232,1.871,0.270172
0.14,7782.800267,0.038819,2.578,0.270172
0.1575,7829.109933,0.044447,3.395,0.409018
0.175,7875.4196,0.050117,4.322,0.375901
0.1925,7921.729267,0.055829,5.36,0.351853
0.21,7964.521238,0.061583,6.51,0.333801
0.2275,8005.234571,0.067374,7.773,0.319868
0.245,8045.947905,0.073204,9.149,0.308853
0.2625,8086.661238,0.079072,10.639,0.299961
0.28,8127.374571,0.084978,12.245,0.292649
0.2975,8168.087905,0.090922,13.966,0.286541
0.315,8202.221321,0.096903,15.803,0.281366
0.3325,8232.466604,0.102914,17.757,0.276928
0.35,8262.711887,0.108956,19.83,0.273079
0.3675,8292.95717,0.115028,22.02,0.269706
0.385,8323.202453,0.12113,24.329,0.266721
0.4025,8353.447736,0.127262,26.758,0.264058
0.42,8385.258148,0.133426,29.306,0.261662
0.4375,8418.242407,0.139622,31.976,0.259492
0.455,8451.226667,0.14585,34.766,0.257513
0.4725,8484.210926,0.152112,37.679,0.255698
0.49,8517.195185,0.158406,40.714,0.254025
0.5075,8541.573036,0.16473,43.872,0.252476
0.525,8565.429286,0.171079,47.153,0.251036
0.5425,8589.285536,0.177454,50.559,0.249692
0.56,8570.159818,0.183841,54.09,0.248436
0.5775,8536.155727,0.190208,57.745,0.247263
0.595,8502.151636,0.196555,61.524,0.246165
0.6125,8474.61087,0.202882,65.426,0.245133
0.63,8451.378986,0.209196,69.452,0.244161
0.6475,8428.147101,0.215498,73.601,0.243244
0.665,8404.915217,0.221787,77.873,0.242378
0.6825,8390.998263,0.228066,82.267,0.241559
0.7,8381.941271,0.234344,86.784,0.240784
0.7175,8372.88428,0.24062,91.423,0.24005
0.735,8363.827288,0.246895,96.184,0.239356
0.7525,8354.770297,0.253169,101.068,0.238701
0.77,8345.713305,0.259441,106.074,0.238082
0.7875,8336.656314,0.265713,111.203,0.2375
0.805,8333.909677,0.271985,116.454,0.236952
0.8225,8331.754637,0.278261,121.827,0.236438
0.84,8329.599597,0.284542,127.322,0.235957
0.8575,8327.444556,0.290826,132.94,0.235508
0.875,8325.289516,0.297115,138.68,0.23509
0.8925,8323.134476,0.303407,144.543,0.234702
0.91,8320.979435,0.309704,150.529,0.234343
0.9275,8328.963915,0.316008,156.638,0.234011
0.945,8339.046226,0.322327,162.869,0.233706
0.9625,8349.128538,0.328659,169.224,0.233424
0.98,8359.210849,0.335006,175.702,0.233164
0.9975,8369.29316,0.341366,182.304,0.232924
1.015,8379.375472,0.347741,189.03,0.232702
1.0325,8384.38,0.354127,195.88,0.232495
1.05,8387.88,0.360523,202.854,0.232302
1.0675,8391.38,0.366927,209.953,0.232119
1.085,8394.88,0.37334,217.177,0.231943
1.1025,8398.38,0.379762,224.526,0.231772
1.12,8401.88,0.386192,232,0.231604
1.1375,8405.38,0.392632,239.599,0.231435
1.155,8408.88,0.39908,247.323,0.231263
1.1725,8412.38,0.405536,255.173,0.231087
1.19,8415.88,0.412002,263.148,0.230903
1.2075,8419.38,0.418477,271.25,0.230712
1.225,8422.88,0.42496,279.477,0.230512
1.2425,8426.38,0.431453,287.83,0.230301
1.26,8431.156254,0.437955,296.31,0.230079
1.2775,8436.517458,0.444467,304.916,0.229846
1.295,8441.878662,0.450991,313.649,0.229605
1.3125,8447.239866,0.457525,322.509,0.229356
1.33,8452.60107,0.46407,331.495,0.229102
1.3475,8457.962274,0.470626,340.609,0.228845
1.365,8463.323478,0.477193,349.851,0.228589
1.3825,8468.684682,0.48377,359.22,0.228337
1.4,8474.045886,0.490359,368.717,0.228091
1.4175,8479.40709,0.496958,378.342,0.227854
1.435,8484.768294,0.503569,388.095,0.227629
1.4525,8490.129498,0.51019,397.977,0.227419
1.47,8495.490702,0.516822,407.987,0.227223
1.4875,8500.851906,0.523465,418.126,0.227043
1.505,8506.21311,0.530119,428.395,0.226879
1.5225,8511.574314,0.536783,438.792,0.226729
1.54,8516.935518,0.543458,449.319,0.226591
1.5575,8519.985847,0.550144,459.976,0.226463
1.575,8521.495593,0.556836,470.763,0.226342
1.5925,8523.005339,0.563536,481.679,0.226224
1.61,8524.515085,0.570244,492.726,0.226106
1.6275,8526.024831,0.576958,503.903,0.225984
1.645,8527.534576,0.58368,515.21,0.225857
1.6625,8529.044322,0.590409,526.648,0.225723
1.68,8530.554068,0.597145,538.216,0.225579
1.6975,8532.063814,0.603888,549.915,0.225427
1.715,8533.573559,0.610638,561.745,0.225268
1.7325,8535.083305,0.617396,573.706,0.225103
1.75,8536.593051,0.624161,585.798,0.224935
1.7675,8538.102797,0.630932,598.022,0.224768
1.785,8539.612542,0.637711,610.376,0.224605
1.8025,8541.122288,0.644497,622.862,0.224449
1.82,8542.632034,0.651289,635.48,0.224302
1.8375,8544.14178,0.658089,648.229,0.224165
1.855,8545.651525,0.664896,661.11,0.22404
1.8725,8547.161271,0.671709,674.123,0.223925
1.89,8548.671017,0.67853,687.268,0.223818
1.9075,8549.62,0.685357,700.545,0.223717
1.925,8549.62,0.69219,713.954,0.223617
1.9425,8549.62,0.699028,727.495,0.223516
1.96,8549.62,0.705872,741.169,0.223411
1.9775,8549.62,0.712722,754.976,0.2233
1.995,8549.62,0.719578,768.914,0.223182
2.0125,8549.62,0.726439,782.986,0.223059
2.03,8549.62,0.733306,797.19,0.222931
2.0475,8549.62,0.740179,811.527,0.222802
2.065,8549.62,0.747057,825.997,0.222675
2.0825,8549.62,0.753942,840.6,0.222554
2.1,8549.62,0.760832,855.336,0.22244
2.1175,8549.62,0.767728,870.205,0.222334
2.135,8549.62,0.774629,885.208,0.222237
2.1525,8549.62,0.781537,900.344,0.222145
2.17,8548.147857,0.788449,915.613,0.222056
2.1875,8545.285357,0.795365,931.016,0.221967
2.205,8542.422857,0.802283,946.553,0.221875
2.2225,8539.560357,0.809205,962.223,0.221777
2.24,8536.697857,0.816129,978.027,0.221675
2.2575,8533.835357,0.823056,993.965,0.221569
2.275,8530.972857,0.829987,1010.036,0.221462
2.2925,8528.110357,0.836919,1026.241,0.221358
2.31,8525.247857,0.843855,1042.58,0.221258
2.3275,8522.385357,0.850793,1059.053,0.221164
2.345,8519.522857,0.857734,1075.659,0.221077
2.3625,8516.660357,0.864678,1092.4,0.220995
2.38,8513.797857,0.871625,1109.274,0.220914
2.3975,8510.935357,0.878574,1126.282,0.220833
2.415,8508.072857,0.885525,1143.424,0.220749
2.4325,8505.210357,0.89248,1160.7,0.220661
2.45,8500.79989,0.899436,1178.11,0.22057
2.4675,8494.927454,0.906391,1195.654,0.224276
2.485,8489.055018,0.913337,1213.332,0.229325
2.5025,8483.182582,0.920276,1231.143,0.234668
2.52,8477.310147,0.927204,1249.088,0.240202
2.5375,8471.437711,0.934123,1267.166,0.245879
2.555,8465.565275,0.941032,1285.377,0.251667
2.5725,8459.692839,0.94793,1303.721,0.257544
2.59,8453.820403,0.954816,1322.198,0.263493
2.6075,8447.947967,0.961691,1340.807,0.269502
2.625,8442.075531,0.968554,1359.547,0.275562
2.6425,8436.203095,0.975403,1378.42,0.281667
2.66,8430.330659,0.98224,1397.424,0.287814
2.6775,8424.458223,0.989063,1416.56,0.294
2.695,8418.585788,0.995872,1435.826,0.300222
2.7125,8412.713352,1.002667,1455.223,0.306512
2.73,8404.362289,1.009446,1474.75,0.312904
2.7475,8395.778855,1.016206,1494.407,0.319318
2.765,8387.195422,1.022949,1514.194,0.325751
2.7825,8378.611988,1.029672,1534.109,0.332197
2.8,8370.028554,1.036376,1554.154,0.338656
2.8175,8361.44512,1.043061,1574.327,0.345127
2.835,8352.861687,1.049725,1594.628,0.35161
2.8525,8344.278253,1.05637,1615.056,0.358107
2.87,8335.694819,1.062993,1635.611,0.364614
2.8875,8327.111386,1.069595,1656.293,0.37113
2.905,8318.527952,1.076176,1677.101,0.37765
2.9225,8309.944518,1.082734,1698.036,0.384171
2.94,8301.361084,1.08927,1719.095,0.39069
2.9575,8292.777651,1.095783,1740.279,0.397207
2.975,8283.840743,1.102273,1761.588,0.403721
2.9925,8274.741827,1.108739,1783.02,0.410235
3.01,8265.64291,1.115179,1804.576,0.416747
3.0275,8256.543994,1.121595,1826.255,0.423257
3.045,8247.445077,1.127985,1848.055,0.429761
3.0625,8238.346161,1.13435,1869.978,0.436257
3.08,8229.247245,1.140688,1892.022,0.442741
3.0975,8220.148328,1.147,1914.187,0.449213
3.115,8211.049412,1.153285,1936.472,0.455673
3.1325,8201.950495,1.159542,1958.877,0.462123
3.15,8192.851579,1.165772,1981.4,0.468564
3.1675,8183.752663,1.171975,2004.042,0.474993
3.185,8174.653746,1.178149,2026.803,0.481409
3.2025,8165.55483,1.184294,2049.68,0.487809
3.22,8156.455913,1.19041,2072.674,0.494191
3.2375,8147.356997,1.196497,2095.785,0.500554
3.255,8138.25808,1.202556,2119.011,0.504324
3.2725,8129.159164,1.208603,2142.352,0.502115
3.29,8120.331974,1.214644,2165.808,0.499986
3.3075,8112.421859,1.220679,2189.379,0.497934
3.325,8104.511743,1.226709,2213.065,0.495954
3.3425,8096.601628,1.232732,2236.865,0.494043
3.36,8088.691513,1.238751,2260.78,0.492198
3.3775,8080.781398,1.244763,2284.809,0.490416
3.395,8072.871283,1.250769,2308.952,0.488698
3.4125,8064.961168,1.256768,2333.209,0.487042
3.43,8057.051053,1.262762,2357.58,0.485445
3.4475,8049.140937,1.268749,2382.065,0.483905
3.465,8041.230822,1.274729,2406.663,0.482419
3.4825,8033.320707,1.280703,2431.375,0.480984
3.5,8025.410592,1.286669,2456.199,0.479598
3.5175,8017.500477,1.292629,2481.137,0.478262
3.535,8009.590362,1.298582,2506.188,0.476974
3.5525,8001.680247,1.304527,2531.351,0.475732
3.57,7993.770132,1.310465,2556.627,0.474534
3.5875,7985.860016,1.316396,2582.015,0.473378
3.605,7975.955862,1.322318,2607.516,0.472262
3.6225,7965.719368,1.32823,2633.128,0.471185
3.64,7955.482874,1.334132,2658.852,0.470146
3.6575,7945.246379,1.340023,2684.688,0.469146
3.675,7935.009885,1.345904,2710.635,0.468182
3.6925,7924.773391,1.351775,2736.693,0.467252
3.71,7914.536897,1.357635,2762.862,0.466355
3.7275,7904.300402,1.363484,2789.141,0.465488
3.745,7894.063908,1.369323,2815.531,0.464653
3.7625,7883.827414,1.375151,2842.031,0.463848
3.78,7873.59092,1.380967,2868.64,0.463071
3.7975,7863.354425,1.386773,2895.359,0.462323
3.815,7853.117931,1.392568,2922.188,0.461601
3.8325,7842.881437,1.398351,2949.126,0.460904
3.85,7832.644943,1.404123,2976.172,0.460232
3.8675,7823.06308,1.409884,3003.328,0.459584
3.885,7813.520893,1.415634,3030.591,0.458959
3.9025,7803.978705,1.421373,3057.963,0.458356
3.92,7794.436518,1.4271,3085.442,0.457775
3.9375,7784.89433,1.432817,3113.029,0.457213
3.955,7775.352143,1.438523,3140.724,0.456672
3.9725,7765.809955,1.444217,3168.526,0.45615
3.99,7756.267768,1.4499,3196.434,0.455646
4.0075,7746.72558,1.455572,3224.45,0.455161
4.025,7737.183393,1.461232,3252.571,0.454692
4.0425,7727.641205,1.46688,3280.799,0.45424
4.06,7718.099018,1.472517,3309.133,0.453804
4.0775,7708.43061,1.478143,3337.572,0.453383
4.095,7698.004878,1.483756,3366.116,0.452978
4.1125,7687.579146,1.489356,3394.766,0.452587
4.13,7677.153415,1.494943,3423.52,0.45221
4.1475,7666.727683,1.500517,3452.379,0.451846
4.165,7656.301951,1.506079,3481.343,0.451495
4.1825,7645.87622,1.511627,3510.41,0.451157
4.2,7635.450488,1.517162,3539.581,0.450831
4.2175,7625.024756,1.522685,3568.855,0.450516
4.235,7614.599024,1.528194,3598.232,0.450213
4.2525,7604.173293,1.533689,3627.712,0.449921
4.27,7593.747561,1.539172,3657.295,0.449639
4.2875,7584.983382,1.544641,3686.979,0.449367
4.305,7578.434608,1.550101,3716.766,0.449105
4.3225,7571.885833,1.555551,3746.655,0.448852
4.34,7565.337059,1.560992,3776.645,0.448608
4.3575,7558.788284,1.566423,3806.736,0.448372
4.375,7552.23951,1.571845,3836.929,0.448145
4.3925,7545.690735,1.577256,3867.222,0.447926
4.41,7539.141961,1.582659,3897.616,0.447715
4.4275,7532.593186,1.588051,3928.111,0.447511
4.445,7526.044412,1.593434,3958.706,0.447314
4.4625,7519.495637,1.598807,3989.4,0.447125
4.48,7512.946863,1.604171,4020.195,0.446942
4.4975,7507.769643,1.609525,4051.089,0.446766
4.515,7502.99881,1.614871,4082.083,0.446596
4.5325,7498.227976,1.620209,4113.175,0.446433
4.55,7493.457143,1.625539,4144.367,0.446275
4.5675,7488.68631,1.63086,4175.657,0.446123
4.585,7483.915476,1.636174,4207.047,0.445976
4.6025,7479.144643,1.64148,4238.534,0.445835
4.62,7474.37381,1.646777,4270.12,0.445699
4.6375,7469.602976,1.652066,4301.804,0.445568
4.655,7464.873559,1.657347,4333.585,0.445442
4.6725,7460.344322,1.662619,4365.465,0.44532
4.69,7455.815085,1.667884,4397.441,0.445203
4.7075,7451.285847,1.673141,4429.515,0.44509
4.725,7446.75661,1.678389,4461.687,0.444982
4.7425,7442.227373,1.683629,4493.955,0.444878
4.76,7437.698136,1.688862,4526.319,0.444777
4.7775,7430.869259,1.694085,4558.781,0.444681
4.795,7420.974198,1.699295,4591.338,0.444588
4.8125,7411.079136,1.704491,4623.992,0.4445
4.83,7401.184074,1.709673,4656.741,0.444414
4.8475,7391.289012,1.714841,4689.585,0.444333
4.865,7368.626129,1.719989,4722.525,0.444254
4.8825,7342.77129,1.725106,4755.559,0.444179
4.9,7316.916452,1.730191,4788.686,0.444108
4.9175,7295.256696,1.735245,4821.907,0.44404
4.935,7285.716071,1.740281,4855.221,0.443975
4.9525,7276.175446,1.745303,4888.627,0.443913
4.97,7262.2944,1.750311,4922.125,0.443853
4.9875,7176.7964,1.755256,4955.714,0.443797
5.005,6659.882963,1.759938,4989.392,0.443746
5.0225,5888.042222,1.763808,5023.148,0.44371
5.04,5116.201481,1.766826,5056.965,0.443687
5.0575,4344.360741,1.768993,5090.827,0.443677
5.075,3572.52,1.770308,5124.718,0.44368
5.0925,2770.991364,1.770755,5158.62,0.443695
5.11,1969.462727,1.770319,5192.518,0.443723
5.1275,1167.934091,1.769002,5226.395,0.443763
5.145,691.452903,1.766973,5260.234,0.443815
5.1625,297.471859,1.764487,5294.026,0.443873
5.18,205.630219,1.761767,5327.763,0.443937
5.1975,128.312022,1.758959,5361.442,0.444002
5.215,92.950441,1.756107,5395.064,0.444068
5.2325,57.58886,1.753226,5428.627,0.444135
5.25,22.227279,1.750316,5462.13,0.444204
5.2675,0,1.747381,5495.573,0.444274
5.285,0,1.74445,5528.956,0.444345
5.3025,0,1.74153,5562.279,0.444416
5.32,0,1.73862,5595.543,0.444488
5.3375,0,1.735721,5628.747,0.444561
5.355,0,1.732832,5661.891,0.444634
5.3725,0,1.729953,5694.977,0.444708
5.39,0,1.727085,5728.004,0.444782
5.4075,0,1.724227,5760.972,0.444857
5.425,0,1.721379,5793.881,0.444933
5.4425,0,1.718541,5826.733,0.445009
5.46,0,1.715713,5859.526,0.445087
5.4775,0,1.712895,5892.262,0.445164
5.495,0,1.710086,5924.94,0.445243
5.5125,0,1.707288,5957.561,0.445322
5.53,0,1.704499,5990.125,0.445402
5.5475,0,1.70172,6022.631,0.445483
5.565,0,1.698951,6055.081,0.445564
5.5825,0,1.696191,6087.474,0.445646
5.6,0,1.693441,6119.811,0.445729
5.6175,0,1.6907,6152.092,0.445812
5.635,0,1.687968,6184.317,0.445896
5.6525,0,1.685246,6216.486,0.445981
5.67,0,1.682533,6248.6,0.446067
5.6875,0,1.679829,6280.658,0.446154
5.705,0,1.677134,6312.661,0.446241
5.7225,0,1.674449,6344.609,0.446329
5.74,0,1.671772,6376.502,0.446418
5.7575,0,1.669104,6408.34,0.446507
5.775,0,1.666445,6440.124,0.446598
5.7925,0,1.663795,6471.854,0.446689
5.81,0,1.661154,6503.53,0.446781
5.8275,0,1.658522,6535.152,0.446874
5.845,0,1.655898,6566.72,0.446968
5.8625,0,1.653283,6598.235,0.447062
5.88,0,1.650676,6629.697,0.447158
5.8975,0,1.648078,6661.105,0.447254
5.915,0,1.645488,6692.46,0.447351
5.9325,0,1.642907,6723.763,0.447449
5.95,0,1.640334,6755.013,0.447548
5.9675,0,1.63777,6786.21,0.447647
5.985,0,1.635213,6817.355,0.447748
6.0025,0,1.632665,6848.448,0.447849
6.02,0,1.630125,6879.49,0.447952
6.0375,0,1.627593,6910.479,0.448055
6.055,0,1.625069,6941.417,0.448159
6.0725,0,1.622553,6972.303,0.448264
6.09,0,1.620045,7003.138,0.44837
6.1075,0,1.617545,7033.923,0.448477
6.125,0,1.615053,7064.656,0.448585
6.1425,0,1.612568,7095.338,0.448694
6.16,0,1.610092,7125.97,0.448804
6.1775,0,1.607622,7156.552,0.448915
6.195,0,1.605161,7187.083,0.449027
6.2125,0,1.602707,7217.564,0.44914
6.23,0,1.600261,7247.995,0.449254
6.2475,0,1.597822,7278.376,0.449368
6.265,0,1.595391,7308.708,0.449484
6.2825,0,1.592967,7338.99,0.449601
6.3,0,1.590551,7369.223,0.449719
6.3175,0,1.588141,7399.407,0.449838
6.335,0,1.58574,7429.542,0.449958
6.3525,0,1.583345,7459.628,0.450079
6.37,0,1.580957,7489.665,0.450201
6.3875,0,1.578577,7519.654,0.450324
6.405,0,1.576204,7549.594,0.450449
6.4225,0,1.573838,7579.486,0.450574
6.44,0,1.571479,7609.33,0.4507
6.4575,0,1.569126,7639.126,0.450828
6.475,0,1.566781,7668.874,0.450957
6.4925,0,1.564443,7698.575,0.451087
6.51,0,1.562111,7728.228,0.451217
6.5275,0,1.559787,7757.833,0.45135
6.545,0,1.557469,7787.392,0.451483
6.5625,0,1.555157,7816.903,0.451617
6.58,0,1.552853,7846.367,0.451753
6.5975,0,1.550555,7875.785,0.45189
6.615,0,1.548264,7905.156,0.452028
6.6325,0,1.545979,7934.48,0.452167
6.65,0,1.543701,7963.758,0.452307
6.6675,0,1.541429,7992.99,0.452449
6.685,0,1.539164,8022.175,0.452592
6.7025,0,1.536905,8051.315,0.452736
6.72,0,1.534653,8080.409,0.452881
6.7375,0,1.532407,8109.457,0.453027
6.755,0,1.530167,8138.459,0.453175
6.7725,0,1.527933,8167.416,0.453324
6.79,0,1.525706,8196.328,0.453475
6.8075,0,1.523485,8225.194,0.453627
6.825,0,1.52127,8254.016,0.453779
6.8425,0,1.519061,8282.792,0.453934
6.86,0,1.516858,8311.524,0.454089
6.8775,0,1.514661,8340.211,0.454246
6.895,0,1.51247,8368.854,0.454405
6.9125,0,1.510285,8397.452,0.454564
6.93,0,1.508107,8426.005,0.454725
6.9475,0,1.505933,8454.515,0.454888
6.965,0,1.503766,8482.981,0.455052
6.9825,0,1.501605,8511.402,0.455217
7,0,1.499449,8539.78,0.455383
7.0175,0,1.4973,8568.114,0.455551
7.035,0,1.495156,8596.405,0.455721
7.0525,0,1.493017,8624.652,0.455892
7.07,0,1.490885,8652.856,0.456064
7.0875,0,1.488758,8681.017,0.456238
7.105,0,1.486636,8709.134,0.456413
7.1225,0,1.48452,8737.209,0.45659
7.14,0,1.48241,8765.241,0.456768
7.1575,0,1.480305,8793.23,0.456948
7.175,0,1.478205,8821.176,0.457129
7.1925,0,1.476111,8849.08,0.457312
7.21,0,1.474023,8876.942,0.457496
7.2275,0,1.471939,8904.761,0.457682
7.245,0,1.469861,8932.539,0.45787
7.2625,0,1.467789,8960.274,0.458059
7.28,0,1.465721,8987.967,0.458249
7.2975,0,1.463659,9015.618,0.458441
7.315,0,1.461602,9043.228,0.458635
7.3325,0,1.459551,9070.796,0.45883
7.35,0,1.457504,9098.323,0.459027
7.3675,0,1.455463,9125.808,0.459226
7.385,0,1.453426,9153.252,0.459426
7.4025,0,1.451395,9180.655,0.459628
7.42,0,1.449369,9208.017,0.459832
7.4375,0,1.447347,9235.337,0.460037
7.455,0,1.445331,9262.617,0.460244
7.4725,0,1.44332,9289.856,0.460453
7.49,0,1.441313,9317.055,0.460664
7.5075,0,1.439312,9344.213,0.460876
7.525,0,1.437315,9371.331,0.46109
7.5425,0,1.435323,9398.408,0.461305
7.56,0,1.433336,9425.445,0.461523
7.5775,0,1.431354,9452.442,0.461742
7.595,0,1.429376,9479.399,0.461963
7.6125,0,1.427403,9506.316,0.462186
7.63,0,1.425435,9533.193,0.462411
7.6475,0,1.423472,9560.031,0.462637
7.665,0,1.421513,9586.828,0.462866
7.6825,0,1.419559,9613.587,0.463096
7.7,0,1.417609,9640.306,0.463328
7.7175,0,1.415664,9666.985,0.463562
7.735,0,1.413723,9693.625,0.463798
7.7525,0,1.411787,9720.227,0.464036
7.77,0,1.409856,9746.789,0.464275
7.7875,0,1.407929,9773.312,0.464517
7.805,0,1.406006,9799.796,0.464761
7.8225,0,1.404088,9826.242,0.465006
7.84,0,1.402174,9852.649,0.465254
7.8575,0,1.400264,9879.017,0.465503
7.875,0,1.398359,9905.347,0.465755
7.8925,0,1.396458,9931.638,0.466008
7.91,0,1.394561,9957.891,0.466264
7.9275,0,1.392669,9984.106,0.466522
7.945,0,1.390781,10010.283,0.466782
7.9625,0,1.388897,10036.422,0.467043
7.98,0,1.387017,10062.523,0.467307
7.9975,0,1.385141,10088.586,0.467573
8.015,0,1.38327,10114.611,0.467841
8.0325,0,1.381402,10140.598,0.468112
8.05,0,1.379539,10166.548,0.468384
8.0675,0,1.37768,10192.461,0.468659
8.085,0,1.375825,10218.336,0.468935
8.1025,0,1.373973,10244.173,0.469214
8.12,0,1.372126,10269.974,0.469496
8.1375,0,1.370283,10295.737,0.469779
8.155,0,1.368443,10321.463,0.470065
8.1725,0,1.366608,10347.152,0.470353
8.19,0,1.364776,10372.805,0.470643
8.2075,0,1.362949,10398.42,0.470935
8.225,0,1.361125,10423.999,0.47123
8.2425,0,1.359305,10449.541,0.471527
8.26,0,1.357489,10475.047,0.471827
8.2775,0,1.355677,10500.516,0.472128
8.295,0,1.353868,10525.948,0.472432
8.3125,0,1.352063,10551.344,0.472739
8.33,0,1.350262,10576.704,0.473048
8.3475,0,1.348464,10602.028,0.473359
8.365,0,1.346671,10627.316,0.473673
8.3825,0,1.344881,10652.567,0.473989
8.4,0,1.343094,10677.783,0.474308
8.4175,0,1.341311,10702.963,0.474629
8.435,0,1.339532,10728.107,0.474953
8.4525,0,1.337756,10753.215,0.475279
8.47,0,1.335984,10778.288,0.475608
8.4875,0,1.334215,10803.325,0.475939
8.505,0,1.33245,10828.327,0.476273
8.5225,0,1.330689,10853.293,0.476609
8.54,0,1.32893,10878.224,0.476948
8.5575,0,1.327176,10903.119,0.47729
8.575,0,1.325424,10927.98,0.477634
8.5925,0,1.323677,10952.805,0.477981
8.61,0,1.321932,10977.595,0.47833
8.6275,0,1.320191,11002.351,0.478683
8.645,0,1.318453,11027.071,0.479038
8.6625,0,1.316719,11051.756,0.479395
8.68,0,1.314988,11076.407,0.479756
8.6975,0,1.31326,11101.023,0.480119
8.715,0,1.311535,11125.605,0.480485
8.7325,0,1.309814,11150.152,0.480854
8.75,0,1.308096,11174.664,0.481225
8.7675,0,1.306381,11199.142,0.4816
8.785,0,1.304669,11223.586,0.481977
8.8025,0,1.302961,11247.995,0.482357
8.82,0,1.301255,11272.371,0.482741
8.8375,0,1.299553,11296.712,0.483127
8.855,0,1.297854,11321.019,0.483515
8.8725,0,1.296158,11345.292,0.483907
8.89,0,1.294465,11369.531,0.484302
8.9075,0,1.292775,11393.736,0.4847
8.925,0,1.291088,11417.907,0.485101
8.9425,0,1.289405,11442.045,0.485505
8.96,0,1.287724,11466.149,0.485912
8.9775,0,1.286046,11490.22,0.486322
8.995,0,1.284371,11514.256,0.486735
9.0125,0,1.282699,11538.26,0.487151
9.03,0,1.281031,11562.23,0.487571
9.0475,0,1.279365,11586.166,0.487993
9.065,0,1.277702,11610.07,0.488419
9.0825,0,1.276041,11633.94,0.488848
9.1,0,1.274384,11657.777,0.48928
9.1175,0,1.27273,11681.58,0.489716
9.135,0,1.271078,11705.351,0.490154
9.1525,0,1.269429,11729.089,0.490596
9.17,0,1.267783,11752.794,0.491042
9.1875,0,1.26614,11776.466,0.49149
9.205,0,1.264499,11800.105,0.491942
9.2225,0,1.262862,11823.711,0.492398
9.24,0,1.261227,11847.285,0.492857
9.2575,0,1.259594,11870.826,0.493319
9.275,0,1.257965,11894.335,0.493785
9.2925,0,1.256338,11917.811,0.494254
9.31,0,1.254714,11941.255,0.494726
9.3275,0,1.253092,11964.666,0.495202
9.345,0,1.251473,11988.045,0.495682
9.3625,0,1.249857,12011.391,0.496165
9.38,0,1.248243,12034.706,0.496652
9.3975,0,1.246632,12057.988,0.497143
9.415,0,1.245024,12081.238,0.497637
9.4325,0,1.243418,12104.456,0.498135
9.45,0,1.241814,12127.642,0.498636
9.4675,0,1.240213,12150.797,0.499141
9.485,0,1.238615,12173.919,0.49965
9.5025,0,1.237019,12197.009,0.500163
9.52,0,1.235426,12220.068,0.50068
9.5375,0,1.233835,12243.095,0.5012
9.555,0,1.232246,12266.09,0.501724
9.5725,0,1.23066,12289.054,0.502252
9.59,0,1.229076,12311.986,0.502784
9.6075,0,1.227495,12334.886,0.50332
9.625,0,1.225916,12357.756,0.50386
9.6425,0,1.22434,12380.593,0.504404
9.66,0,1.222765,12403.4,0.504951
9.6775,0,1.221194,12426.175,0.505503
9.695,0,1.219624,12448.919,0.506059
9.7125,0,1.218057,12471.631,0.506619
9.73,0,1.216492,12494.313,0.507183
9.7475,0,1.214929,12516.963,0.507751
9.765,0,1.213369,12539.582,0.508324
9.7825,0,1.211811,12562.17,0.5089
9.8,0,1.210255,12584.728,0.509481
9.8175,0,1.208701,12607.254,0.510066
9.835,0,1.20715,12629.75,0.510656
9.8525,0,1.205601,12652.215,0.511249
9.87,0,1.204054,12674.649,0.511847
9.8875,0,1.202509,12697.052,0.51245
9.905,0,1.200966,12719.424,0.513057
9.9225,0,1.199426,12741.766,0.512545
9.94,0,1.197893,12764.078,0.510935
9.9575,0,1.196366,12786.359,0.509333
9.975,0,1.194846,12808.61,0.507738
9.9925,0,1.193333,12830.831,0.506152
10.01,0,1.191827,12853.021,0.504573
10.0275,0,1.190327,12875.182,0.503002
10.045,0,1.188834,12897.314,0.501438
10.0625,0,1.187347,12919.415,0.499883
10.08,0,1.185867,12941.487,0.498334
10.0975,0,1.184394,12963.53,0.496793
10.115,0,1.182926,12985.544,0.49526
10.1325,0,1.181465,13007.528,0.493734
10.15,0,1.18001,13029.484,0.492215
10.1675,0,1.178562,13051.41,0.490703
10.185,0,1.177119,13073.308,0.489199
10.2025,0,1.175683,13095.178,0.487701
10.22,0,1.174252,13117.019,0.486211
10.2375,0,1.172828,13138.831,0.484728
10.255,0,1.171409,13160.615,0.483251
10.2725,0,1.169997,13182.372,0.481781
10.29,0,1.16859,13204.1,0.480318
10.3075,0,1.167189,13225.8,0.478862
10.325,0,1.165793,13247.472,0.477413
10.3425,0,1.164404,13269.117,0.47597
10.36,0,1.16302,13290.734,0.474534
10.3775,0,1.161642,13312.324,0.473104
10.395,0,1.160269,13333.886,0.47168
10.4125,0,1.158901,13355.422,0.470263
10.43,0,1.157539,13376.93,0.468853
10.4475,0,1.156183,13398.411,0.467449
10.465,0,1.154832,13419.865,0.46605
10.4825,0,1.153486,13441.292,0.464659
10.5,0,1.152146,13462.693,0.463273
10.5175,0,1.15081,13484.067,0.461893
10.535,0,1.14948,13505.414,0.46052
10.5525,0,1.148155,13526.735,0.459152
10.57,0,1.146835,13548.03,0.457791
10.5875,0,1.145521,13569.299,0.456435
10.605,0,1.144211,13590.541,0.455085
10.6225,0,1.142906,13611.758,0.453741
10.64,0,1.141606,13632.948,0.452403
10.6575,0,1.140311,13654.113,0.45107
10.675,0,1.139021,13675.252,0.449744
10.6925,0,1.137736,13696.366,0.448423
10.71,0,1.136456,13717.454,0.447107
10.7275,0,1.13518,13738.516,0.445797
10.745,0,1.133909,13759.553,0.444492
10.7625,0,1.132643,13780.565,0.443193
10.78,0,1.131381,13801.552,0.4419
10.7975,0,1.130124,13822.514,0.440612
10.815,0,1.128872,13843.451,0.439329
10.8325,0,1.127624,13864.363,0.438051
10.85,0,1.12638,13885.25,0.436779
10.8675,0,1.125141,13906.113,0.435512
10.885,0,1.123907,13926.951,0.43425
10.9025,0,1.122677,13947.764,0.432993
10.92,0,1.121451,13968.553,0.431741
10.9375,0,1.120229,13989.317,0.430495
10.955,0,1.119012,14010.058,0.429253
10.9725,0,1.117799,14030.774,0.428017
10.99,0,1.116591,14051.466,0.426785
11.0075,0,1.115386,14072.134,0.425559
11.025,0,1.114186,14092.778,0.424337
11.0425,0,1.11299,14113.399,0.42312
11.06,0,1.111798,14133.995,0.421908
11.0775,0,1.11061,14154.568,0.4207
11.095,0,1.109426,14175.117,0.419498
11.1125,0,1.108246,14195.643,0.4183
11.13,0,1.10707,14216.145,0.417107
11.1475,0,1.105898,14236.624,0.415918
11.165,0,1.10473,14257.08,0.414735
11.1825,0,1.103566,14277.512,0.413555
11.2,0,1.102406,14297.922,0.412381
11.2175,0,1.10125,14318.308,0.41121
11.235,0,1.100097,14338.671,0.410045
11.2525,0,1.098948,14359.012,0.408883
11.27,0,1.097803,14379.329,0.407727
11.2875,0,1.096662,14399.624,0.406574
11.305,0,1.095524,14419.896,0.405426
11.3225,0,1.09439,14440.146,0.404282
11.34,0,1.09326,14460.373,0.403143
11.3575,0,1.092133,14480.577,0.402008
11.375,0,1.09101,14500.76,0.400877
11.3925,0,1.089891,14520.919,0.39975
11.41,0,1.088775,14541.057,0.398628
11.4275,0,1.087663,14561.172,0.39751
11.445,0,1.086554,14581.266,0.396395
11.4625,0,1.085448,14601.337,0.395285
11.48,0,1.084346,14621.386,0.394179
11.4975,0,1.083248,14641.414,0.393077
11.515,0,1.082152,14661.419,0.39198
11.5325,0,1.081061,14681.403,0.390886
11.55,0,1.079972,14701.365,0.389796
11.5675,0,1.078887,14721.305,0.38871
11.585,0,1.077805,14741.224,0.387628
11.6025,0,1.076727,14761.122,0.38655
11.62,0,1.075651,14780.998,0.385475
11.6375,0,1.074579,14800.852,0.384405
11.655,0,1.073511,14820.685,0.383339
11.6725,0,1.072445,14840.497,0.382276
11.69,0,1.071382,14860.288,0.381217
11.7075,0,1.070323,14880.058,0.380162
11.725,0,1.069267,14899.807,0.37911
11.7425,0,1.068214,14919.534,0.378062
11.76,0,1.067164,14939.241,0.377018
11.7775,0,1.066117,14958.927,0.375978
11.795,0,1.065073,14978.592,0.374941
11.8125,0,1.064032,14998.236,0.373908
11.83,0,1.062994,15017.86,0.372878
11.8475,0,1.061959,15037.463,0.371852
11.865,0,1.060927,15057.045,0.37083
11.8825,0,1.059898,15076.607,0.369811
11.9,0,1.058872,15096.148,0.368795
11.9175,0,1.057849,15115.669,0.367783
11.935,0,1.056829,15135.17,0.366775
11.9525,0,1.055811,15154.65,0.36577
11.97,0,1.054797,15174.11,0.364768
11.9875,0,1.053785,15193.55,0.36377
12.005,0,1.052776,15212.97,0.362775
12.0225,0,1.05177,15232.37,0.361784
12.04,0,1.050766,15251.75,0.360796
12.0575,0,1.049765,15271.11,0.359811
12.075,0,1.048767,15290.45,0.35883
12.0925,0,1.047772,15309.77,0.357851
12.11,0,1.04678,15329.07,0.356876
12.1275,0,1.04579,15348.351,0.355905
12.145,0,1.044803,15367.612,0.354936
12.1625,0,1.043818,15386.853,0.353971
12.18,0,1.042836,15406.075,0.353009
12.1975,0,1.041857,15425.277,0.35205
12.215,0,1.04088,15444.46,0.351095
12.2325,0,1.039906,15463.623,0.350142
12.25,0,1.038934,15482.767,0.349193
12.2675,0,1.037965,15501.891,0.348246
12.285,0,1.036998,15520.997,0.347303
12.3025,0,1.036034,15540.083,0.346363
12.32,0,1.035073,15559.15,0.345426
12.3375,0,1.034114,15578.198,0.344492
12.355,0,1.033157,15597.226,0.343561
12.3725,0,1.032203,15616.236,0.342633
12.39,0,1.031251,15635.227,0.341708
12.4075,0,1.030302,15654.199,0.340786
12.425,0,1.029355,15673.152,0.339867
12.4425,0,1.02841,15692.086,0.338951
12.46,0,1.027468,15711.001,0.338038
12.4775,0,1.026528,15729.898,0.337128
12.495,0,1.025591,15748.776,0.33622
12.5125,0,1.024655,15767.635,0.335316
12.53,0,1.023722,15786.476,0.334414
12.5475,0,1.022792,15805.298,0.333516
12.565,0,1.021863,15824.102,0.33262
12.5825,0,1.020937,15842.887,0.331727
12.6,0,1.020014,15861.654,0.330836
12.6175,0,1.019092,15880.403,0.329949
12.635,0,1.018173,15899.133,0.329064
12.6525,0,1.017255,15917.845,0.328182
12.67,0,1.01634,15936.538,0.327303
12.6875,0,1.015428,15955.214,0.326427
12.705,0,1.014517,15973.871,0.325553
12.7225,0,1.013608,15992.51,0.324683
12.74,0,1.012702,16011.132,0.323814
12.7575,0,1.011798,16029.735,0.322949
12.775,0,1.010896,16048.32,0.322086
12.7925,0,1.009996,16066.887,0.321226
12.81,0,1.009098,16085.437,0.320369
12.8275,0,1.008202,16103.968,0.319514
12.845,0,1.007308,16122.482,0.318662
12.8625,0,1.006416,16140.978,0.317812
12.88,0,1.005527,16159.456,0.316965
12.8975,0,1.004639,16177.916,0.316121
12.915,0,1.003753,16196.359,0.315279
12.9325,0,1.00287,16214.785,0.31444
12.95,0,1.001988,16233.192,0.313604
12.9675,0,1.001108,16251.583,0.31277
12.985,0,1.00023,16269.955,0.311938
13.0025,0,0.999354,16288.311,0.311119
13.02,0,0.998481,16306.649,0.310308
13.0375,0,0.997609,16324.969,0.3095
13.055,0,0.996738,16343.272,0.308693
13.0725,0,0.99587,16361.558,0.30789
13.09,0,0.995004,16379.827,0.307088
13.1075,0,0.994139,16398.078,0.306289
13.125,0,0.993277,16416.313,0.305492
13.1425,0,0.992416,16434.53,0.304698
13.16,0,0.991557,16452.73,0.303906
13.1775,0,0.9907,16470.913,0.303116
13.195,0,0.989844,16489.079,0.302329
13.2125,0,0.988991,16507.228,0.301544
13.23,0,0.988139,16525.36,0.300761
13.2475,0,0.987289,16543.475,0.29998
13.265,0,0.98644,16561.573,0.299202
13.2825,0,0.985594,16579.654,0.298426
13.3,0,0.984749,16597.719,0.297653
13.3175,0,0.983906,16615.767,0.296882
13.335,0,0.983065,16633.798,0.296113
13.3525,0,0.982225,16651.812,0.295346
13.37,0,0.981387,16669.809,0.294581
13.3875,0,0.980551,16687.79,0.293819
13.405,0,0.979716,16705.755,0.293059
13.4225,0,0.978883,16723.703,0.292301
13.44,0,0.978052,16741.634,0.291546
13.4575,0,0.977223,16759.549,0.290793
13.475,0,0.976395,16777.447,0.290042
13.4925,0,0.975568,16795.329,0.289293
13.51,0,0.974744,16813.194,0.288546
13.5275,0,0.973921,16831.043,0.287802
13.545,0,0.973099,16848.876,0.28706
13.5625,0,0.972279,16866.692,0.28632
13.58,0,0.971461,16884.493,0.285582
13.5975,0,0.970644,16902.276,0.284846
13.615,0,0.969829,16920.044,0.284113
13.6325,0,0.969015,16937.796,0.283382
13.65,0,0.968203,16955.531,0.282653
13.6675,0,0.967393,16973.25,0.281926
13.685,0,0.966584,16990.953,0.281201
13.7025,0,0.965776,17008.64,0.280479
13.72,0,0.96497,17026.311,0.279758
13.7375,0,0.964166,17043.967,0.27904
13.755,0,0.963363,17061.606,0.278324
13.7725,0,0.962561,17079.229,0.27761
13.79,0,0.961761,17096.836,0.276899
13.8075,0,0.960963,17114.427,0.276189
13.825,0,0.960165,17132.003,0.275482
13.8425,0,0.95937,17149.563,0.274777
13.86,0,0.958576,17167.107,0.274074
13.8775,0,0.957783,17184.635,0.273373
13.895,0,0.956991,17202.147,0.272674
13.9125,0,0.956201,17219.644,0.271978
13.93,0,0.955413,17237.125,0.271283
13.9475,0,0.954626,17254.591,0.270591
13.965,0,0.95384,17272.04,0.269901
13.9825,0,0.953056,17289.475,0.269213
14,0,0.952273,17306.893,0.268527
14.0175,0,0.951491,17324.297,0.267844
14.035,0,0.950711,17341.684,0.267163
14.0525,0,0.949932,17359.056,0.266483
14.07,0,0.949154,17376.413,0.265806
14.0875,0,0.948378,17393.755,0.265131
14.105,0,0.947603,17411.08,0.264459
14.1225,0,0.946829,17428.391,0.263788
14.14,0,0.946057,17445.686,0.26312
14.1575,0,0.945286,17462.966,0.262454
14.175,0,0.944516,17480.231,0.26179
14.1925,0,0.943748,17497.48,0.261128
14.21,0,0.94298,17514.714,0.260468
14.2275,0,0.942215,17531.933,0.259811
14.245,0,0.94145,17549.137,0.259156
14.2625,0,0.940687,17566.326,0.258503
14.28,0,0.939924,17583.499,0.257853
14.2975,0,0.939164,17600.658,0.257204
14.315,0,0.938404,17617.801,0.256558
14.3325,0,0.937646,17634.929,0.255914
14.35,0,0.936888,17652.042,0.255273
14.3675,0,0.936132,17669.141,0.254634
14.385,0,0.935377,17686.224,0.253997
14.4025,0,0.934624,17703.292,0.253362
14.42,0,0.933871,17720.346,0.25273
14.4375,0,0.93312,17737.384,0.2521
14.455,0,0.93237,17754.408,0.251473
14.4725,0,0.931621,17771.416,0.250847
14.49,0,0.930874,17788.41,0.250225
14.5075,0,0.930127,17805.389,0.249604
14.525,0,0.929382,17822.354,0.248987
14.5425,0,0.928637,17839.303,0.248371
14.56,0,0.927894,17856.238,0.247758
14.5775,0,0.927152,17873.158,0.247148
14.595,0,0.926411,17890.064,0.24654
14.6125,0,0.925671,17906.954,0.245935
14.63,0,0.924933,17923.831,0.245332
14.6475,0,0.924195,17940.692,0.244732
14.665,0,0.923458,17957.539,0.244135
14.6825,0,0.922723,17974.371,0.243541
14.7,0,0.921989,17991.189,0.242949
14.7175,0,0.921255,18007.992,0.24236
14.735,0,0.920523,18024.781,0.241774
14.7525,0,0.919792,18041.555,0.241191
14.77,0,0.919062,18058.315,0.24061
14.7875,0,0.918333,18075.06,0.240033
14.805,0,0.917604,18091.791,0.239459
14.8225,0,0.916877,18108.508,0.238888
14.84,0,0.916151,18125.21,0.238321
14.8575,0,0.915426,18141.897,0.237756
14.875,0,0.914702,18158.571,0.237195
14.8925,0,0.913979,18175.23,0.236638
14.91,0,0.913257,18191.875,0.236084
14.9275,0,0.912536,18208.505,0.235534
14.945,0,0.911816,18225.121,0.234988
14.9625,0,0.911097,18241.723,0.234446
14.98,0,0.910379,18258.311,0.233908
14.9975,0,0.909661,18274.885,0.233375
15.015,0,0.908945,18291.444,0.232847
15.0325,0,0.90823,18307.99,0.232323
15.05,0,0.907515,18324.521,0.231804
15.0675,0,0.906802,18341.038,0.231292
15.085,0,0.906089,18357.541,0.230785
15.1025,0,0.905377,18374.029,0.230285
15.12,0,0.904666,18390.504,0.229792
15.1375,0,0.903956,18406.965,0.229308
15.155,0,0.903247,18423.412,0.228832
15.1725,0,0.902539,18439.844,0.228368
15.19,0,0.901831,18456.263,0.227918
15.2075,0,0.901125,18472.668,0.227485
15.225,0,0.900419,18489.058,0.227081
15.2425,0,0.899714,18505.435,0.226854
15.26,0,0.899009,18521.798,0.226871
15.2775,0,0.898305,18538.147,0.226888
15.295,0,0.897601,18554.482,0.226905
15.3125,0,0.896897,18570.803,0.226922
15.33,0,0.896194,18587.111,0.226939
15.3475,0,0.895491,18603.404,0.226956
15.365,0,0.894788,18619.684,0.226974
15.3825,0,0.894086,18635.949,0.226991
15.4,0,0.893384,18652.201,0.227008
15.4175,0,0.892682,18668.439,0.227025
15.435,0,0.891981,18684.663,0.227042
15.4525,0,0.89128,18700.873,0.227059
15.47,0,0.890579,18717.07,0.227076
15.4875,0,0.889879,18733.252,0.227093
15.505,0,0.889179,18749.421,0.22711
15.5225,0,0.888479,18765.576,0.227128
15.54,0,0.88778,18781.718,0.227145
15.5575,0,0.887081,18797.845,0.227162
15.575,0,0.886383,18813.959,0.227179
15.5925,0,0.885685,18830.059,0.227196
15.61,0,0.884987,18846.145,0.227213
15.6275,0,0.884289,18862.217,0.22723
15.645,0,0.883592,18878.276,0.227247
15.6625,0,0.882895,18894.321,0.227265
15.68,0,0.882198,18910.352,0.227282
15.6975,0,0.881502,18926.37,0.227299
15.715,0,0.880806,18942.374,0.227316
15.7325,0,0.880111,18958.364,0.227333
15.75,0,0.879415,18974.34,0.22735
15.7675,0,0.87872,18990.303,0.227368
15.785,0,0.878026,19006.252,0.227385
15.8025,0,0.877332,19022.188,0.227402
15.82,0,0.876638,19038.11,0.227419
15.8375,0,0.875944,19054.018,0.227436
15.855,0,0.875251,19069.912,0.227453
15.8725,0,0.874558,19085.793,0.227471
15.89,0,0.873865,19101.66,0.227488
15.9075,0,0.873173,19117.514,0.227505
15.925,0,0.872481,19133.354,0.227522
15.9425,0,0.871789,19149.181,0.227539
15.96,0,0.871097,19164.993,0.227557
15.9775,0,0.870406,19180.793,0.227574
15.995,0,0.869716,19196.578,0.227591
16.0125,0,0.869025,19212.351,0.227608
16.03,0,0.868335,19228.109,0.227625
16.0475,0,0.867645,19243.854,0.227643
16.065,0,0.866956,19259.586,0.22766
16.0825,0,0.866267,19275.304,0.227677
16.1,0,0.865578,19291.008,0.227694
16.1175,0,0.864889,19306.699,0.227712
16.135,0,0.864201,19322.377,0.227729
16.1525,0,0.863513,19338.041,0.227746
16.17,0,0.862825,19353.691,0.227763
16.1875,0,0.862138,19369.328,0.227781
16.205,0,0.861451,19384.951,0.227798
16.2225,0,0.860764,19400.561,0.227815
16.24,0,0.860078,19416.158,0.227832
16.2575,0,0.859392,19431.741,0.22785
16.275,0,0.858706,19447.311,0.227867
16.2925,0,0.85802,19462.867,0.227884
16.31,0,0.857335,19478.41,0.227901
16.3275,0,0.85665,19493.939,0.227919
16.345,0,0.855966,19509.455,0.227936
16.3625,0,0.855281,19524.958,0.227953
16.38,0,0.854597,19540.447,0.227971
16.3975,0,0.853914,19555.923,0.227988
16.415,0,0.85323,19571.385,0.228005
16.4325,0,0.852547,19586.834,0.228022
16.45,0,0.851864,19602.27,0.22804
16.4675,0,0.851182,19617.692,0.228057
16.485,0,0.8505,19633.101,0.228074
16.5025,0,0.849818,19648.496,0.228092
16.52,0,0.849136,19663.879,0.228109
16.5375,0,0.848455,19679.248,0.228126
16.555,0,0.847774,19694.603,0.228144
16.5725,0,0.847093,19709.946,0.228161
16.59,0,0.846413,19725.275,0.228178
16.6075,0,0.845732,19740.59,0.228196
16.625,0,0.845053,19755.893,0.228213
16.6425,0,0.844373,19771.182,0.22823
16.66,0,0.843694,19786.457,0.228248
16.6775,0,0.843015,19801.72,0.228265
16.695,0,0.842336,19816.969,0.228282
16.7125,0,0.841658,19832.205,0.2283
16.73,0,0.840979,19847.428,0.228317
16.7475,0,0.840302,19862.638,0.228335
16.765,0,0.839624,19877.834,0.228352
16.7825,0,0.838947,19893.017,0.228369
16.8,0,0.83827,19908.187,0.228387
16.8175,0,0.837593,19923.344,0.228404
16.835,0,0.836917,19938.487,0.228422
16.8525,0,0.83624,19953.617,0.228439
16.87,0,0.835565,19968.734,0.228456
16.8875,0,0.834889,19983.838,0.228474
16.905,0,0.834214,19998.929,0.228491
16.9225,0,0.833539,20014.007,0.228509
16.94,0,0.832864,20029.071,0.228526
16.9575,0,0.832189,20044.122,0.228543
16.975,0,0.831515,20059.16,0.228561
16.9925,0,0.830841,20074.185,0.228578
17.01,0,0.830167,20089.197,0.228596
17.0275,0,0.829494,20104.196,0.228613
17.045,0,0.828821,20119.181,0.228631
17.0625,0,0.828148,20134.154,0.228648
17.08,0,0.827476,20149.113,0.228665
17.0975,0,0.826803,20164.06,0.228683
17.115,0,0.826131,20178.993,0.2287
17.1325,0,0.825459,20193.913,0.228718
17.15,0,0.824788,20208.82,0.228735
17.1675,0,0.824117,20223.714,0.228753
17.185,0,0.823446,20238.595,0.22877
17.2025,0,0.822775,20253.463,0.228788
17.22,0,0.822105,20268.317,0.228805
17.2375,0,0.821435,20283.159,0.228823
17.255,0,0.820765,20297.988,0.22884
17.2725,0,0.820095,20312.804,0.228858
17.29,0,0.819426,20327.606,0.228875
17.3075,0,0.818757,20342.396,0.228893
17.325,0,0.818088,20357.173,0.22891
17.3425,0,0.817419,20371.936,0.228928
17.36,0,0.816751,20386.687,0.228945
17.3775,0,0.816083,20401.425,0.228963
17.395,0,0.815415,20416.15,0.22898
17.4125,0,0.814748,20430.861,0.228998
17.43,0,0.81408,20445.56,0.229015
17.4475,0,0.813413,20460.246,0.229033
17.465,0,0.812747,20474.919,0.229051
17.4825,0,0.81208,20489.579,0.229068
17.5,0,0.811414,20504.226,0.229086
17.5175,0,0.810748,20518.86,0.229103
17.535,0,0.810082,20533.481,0.229121
17.5525,0,0.809417,20548.089,0.229138
17.57,0,0.808752,20562.685,0.229156
17.5875,0,0.808087,20577.267,0.229174
17.605,0,0.807422,20591.836,0.229191
17.6225,0,0.806758,20606.393,0.229209
17.64,0,0.806093,20620.937,0.229226
17.6575,0,0.805429,20635.468,0.229244
17.675,0,0.804766,20649.986,0.229262
17.6925,0,0.804102,20664.491,0.229279
17.71,0,0.803439,20678.983,0.229297
17.7275,0,0.802776,20693.463,0.229314
17.745,0,0.802114,20707.929,0.229332
17.7625,0,0.801451,20722.383,0.22935
17.78,0,0.800789,20736.824,0.229367
17.7975,0,0.800127,20751.252,0.229385
17.815,0,0.799465,20765.667,0.229403
17.8325,0,0.798804,20780.07,0.22942
17.85,0,0.798143,20794.459,0.229438
17.8675,0,0.797482,20808.836,0.229456
17.885,0,0.796821,20823.2,0.229473
17.9025,0,0.79616,20837.552,0.229491
17.92,0,0.7955,20851.89,0.229509
17.9375,0,0.79484,20866.216,0.229526
17.955,0,0.79418,20880.529,0.229544
17.9725,0,0.793521,20894.829,0.229562
17.99,0,0.792862,20909.116,0.229579
18.0075,0,0.792203,20923.391,0.229597
18.025,0,0.791544,20937.653,0.229615
18.0425,0,0.790885,20951.902,0.229632
18.06,0,0.790227,20966.139,0.22965
18.0775,0,0.789569,20980.363,0.229668
18.095,0,0.788911,20994.574,0.229686
18.1125,0,0.788254,21008.772,0.229703
18.13,0,0.787596,21022.958,0.229721
18.1475,0,0.786939,21037.131,0.229739
18.165,0,0.786282,21051.291,0.229757
18.1825,0,0.785626,21065.439,0.229774
18.2,0,0.784969,21079.573,0.229792
18.2175,0,0.784313,21093.696,0.22981
18.235,0,0.783657,21107.805,0.229828
18.2525,0,0.783001,21121.902,0.229845
18.27,0,0.782346,21135.986,0.229863
18.2875,0,0.781691,21150.058,0.229881
18.305,0,0.781035,21164.117,0.229899
18.3225,0,0.780381,21178.163,0.229917
18.34,0,0.779726,21192.197,0.229934
18.3575,0,0.779072,21206.218,0.229952
18.375,0,0.778418,21220.227,0.22997
18.3925,0,0.777764,21234.222,0.229988
18.41,0,0.77711,21248.206,0.230006
18.4275,0,0.776457,21262.176,0.230023
18.445,0,0.775804,21276.134,0.230041
18.4625,0,0.775151,21290.08,0.230059
18.48,0,0.774498,21304.013,0.230077
18.4975,0,0.773845,21317.933,0.230095
18.515,0,0.773193,21331.841,0.230113
18.5325,0,0.772541,21345.736,0.23013
18.55,0,0.771889,21359.619,0.230148
18.5675,0,0.771237,21373.489,0.230166
18.585,0,0.770586,21387.346,0.230184
18.6025,0,0.769935,21401.191,0.230202
18.62,0,0.769284,21415.024,0.23022
18.6375,0,0.768633,21428.844,0.230238
18.655,0,0.767983,21442.651,0.230256
18.6725,0,0.767332,21456.446,0.230274
18.69,0,0.766682,21470.228,0.230292
18.7075,0,0.766032,21483.998,0.230309
18.725,0,0.765383,21497.755,0.230327
18.7425,0,0.764733,21511.5,0.230345
18.76,0,0.764084,21525.233,0.230363
18.7775,0,0.763435,21538.953,0.230381
18.795,0,0.762786,21552.66,0.230399
18.8125,0,0.762138,21566.355,0.230417
18.83,0,0.761489,21580.038,0.230435
18.8475,0,0.760841,21593.708,0.230453
18.865,0,0.760193,21607.365,0.230471
18.8825,0,0.759546,21621.01,0.230489
18.9,0,0.758898,21634.643,0.230507
18.9175,0,0.758251,21648.264,0.230525
18.935,0,0.757604,21661.871,0.230543
18.9525,0,0.756957,21675.467,0.230561
18.97,0,0.75631,21689.05,0.230579
18.9875,0,0.755664,21702.62,0.230597
19.005,0,0.755017,21716.179,0.230615
19.0225,0,0.754371,21729.724,0.230633
19.04,0,0.753726,21743.258,0.230651
19.0575,0,0.75308,21756.779,0.230669
19.075,0,0.752435,21770.288,0.230687
19.0925,0,0.751789,21783.784,0.230705
19.11,0,0.751144,21797.268,0.230723
19.1275,0,0.7505,21810.739,0.230741
19.145,0,0.749855,21824.198,0.230759
19.1625,0,0.749211,21837.645,0.230777
19.18,0,0.748567,21851.08,0.230795
19.1975,0,0.747923,21864.502,0.230814
19.215,0,0.747279,21877.911,0.230832
19.2325,0,0.746635,21891.309,0.23085
19.25,0,0.745992,21904.694,0.230868
19.2675,0,0.745349,21918.067,0.230886
19.285,0,0.744706,21931.427,0.230904
19.3025,0,0.744063,21944.775,0.230922
19.32,0,0.743421,21958.111,0.23094
19.3375,0,0.742778,21971.435,0.230958
19.355,0,0.742136,21984.746,0.230977
19.3725,0,0.741494,21998.045,0.230995
19.39,0,0.740853,22011.332,0.231013
19.4075,0,0.740211,22024.606,0.231031
19.425,0,0.73957,22037.868,0.231049
19.4425,0,0.738929,22051.118,0.231067
19.46,0,0.738288,22064.356,0.231086
19.4775,0,0.737647,22077.581,0.231104
19.495,0,0.737006,22090.794,0.231122
19.5125,0,0.736366,22103.995,0.23114
19.53,0,0.735726,22117.184,0.231158
19.5475,0,0.735086,22130.36,0.231177
19.565,0,0.734446,22143.524,0.231195
19.5825,0,0.733807,22156.676,0.231213
19.6,0,0.733167,22169.816,0.231231
19.6175,0,0.732528,22182.943,0.23125
19.635,0,0.731889,22196.058,0.231268
19.6525,0,0.73125,22209.161,0.231286
19.67,0,0.730612,22222.252,0.231304
19.6875,0,0.729973,22235.331,0.231323
19.705,0,0.729335,22248.397,0.231341
19.7225,0,0.728697,22261.452,0.231359
19.74,0,0.728059,22274.494,0.231377
19.7575,0,0.727421,22287.524,0.231396
19.775,0,0.726784,22300.542,0.231414
19.7925,0,0.726147,22313.547,0.231432
19.81,0,0.72551,22326.541,0.231451
19.8275,0,0.724873,22339.522,0.231469
19.845,0,0.724236,22352.491,0.231487
19.8625,0,0.7236,22365.448,0.231506
19.88,0,0.722963,22378.393,0.231524
19.8975,0,0.722327,22391.326,0.231542
19.915,0,0.721691,22404.246,0.231561
19.9325,0,0.721055,22417.155,0.231579
19.95,0,0.72042,22430.051,0.231597
19.9675,0,0.719784,22442.935,0.231616
19.985,0,0.719149,22455.808,0.231634
20.0025,0,0.718514,22468.668,0.231653
20.02,0,0.717879,22481.516,0.231671
20.0375,0,0.717245,22494.352,0.231689
20.055,0,0.71661,22507.175,0.231708
20.0725,0,0.715976,22519.987,0.231726
20.09,0,0.715342,22532.787,0.231745
20.1075,0,0.714708,22545.574,0.231763
20.125,0,0.714074,22558.35,0.231781
20.1425,0,0.71344,22571.113,0.2318
20.16,0,0.712807,22583.864,0.231818
20.1775,0,0.712174,22596.604,0.231837
20.195,0,0.711541,22609.331,0.231855
20.2125,0,0.710908,22622.046,0.231874
20.23,0,0.710275,22634.749,0.231892
20.2475,0,0.709643,22647.441,0.231911
20.265,0,0.70901,22660.12,0.231929
20.2825,0,0.708378,22672.787,0.231948
20.3,0,0.707746,22685.442,0.231966
20.3175,0,0.707115,22698.085,0.231985
20.335,0,0.706483,22710.716,0.232003
20.3525,0,0.705851,22723.335,0.232022
20.37,0,0.70522,22735.942,0.23204
20.3875,0,0.704589,22748.537,0.232059
20.405,0,0.703958,22761.12,0.232078
20.4225,0,0.703327,22773.692,0.232096
20.44,0,0.702697,22786.251,0.232115
20.4575,0,0.702067,22798.798,0.232133
20.475,0,0.701436,22811.333,0.232152
20.4925,0,0.700806,22823.856,0.23217
20.51,0,0.700176,22836.367,0.232189
20.5275,0,0.699547,22848.867,0.232208
20.545,0,0.698917,22861.354,0.232226
20.5625,0,0.698288,22873.83,0.232245
20.58,0,0.697659,22886.293,0.232264
20.5975,0,0.69703,22898.745,0.232282
20.615,0,0.696401,22911.184,0.232301
20.6325,0,0.695772,22923.612,0.23232
20.65,0,0.695144,22936.028,0.232338
20.6675,0,0.694515,22948.431,0.232357
20.685,0,0.693887,22960.823,0.232376
20.7025,0,0.693259,22973.203,0.232394
20.72,0,0.692631,22985.571,0.232413
20.7375,0,0.692004,22997.928,0.232432
20.755,0,0.691376,23010.272,0.23245
20.7725,0,0.690749,23022.604,0.232469
20.79,0,0.690121,23034.925,0.232488
20.8075,0,0.689494,23047.234,0.232507
20.825,0,0.688868,23059.53,0.232525
20.8425,0,0.688241,23071.815,0.232544
20.86,0,0.687614,23084.088,0.232563
20.8775,0,0.686988,23096.35,0.232582
20.895,0,0.686362,23108.599,0.2326
20.9125,0,0.685736,23120.836,0.232619
20.93,0,0.68511,23133.062,0.232638
20.9475,0,0.684484,23145.276,0.232657
20.965,0,0.683859,23157.478,0.232676
20.9825,0,0.683233,23169.668,0.232694
21,0,0.682608,23181.846,0.232713
21.0175,0,0.681983,23194.013,0.232732
21.035,0,0.681358,23206.167,0.232751
21.0525,0,0.680734,23218.31,0.23277
21.07,0,0.680109,23230.441,0.232789
21.0875,0,0.679485,23242.56,0.232807
21.105,0,0.67886,23254.668,0.232826
21.1225,0,0.678236,23266.763,0.232845
21.14,0,0.677612,23278.847,0.232864
21.1575,0,0.676989,23290.919,0.232883
21.175,0,0.676365,23302.979,0.232902
21.1925,0,0.675741,23315.028,0.232921
21.21,0,0.675118,23327.064,0.23294
21.2275,0,0.674495,23339.089,0.232959
21.245,0,0.673872,23351.102,0.232978
21.2625,0,0.673249,23363.104,0.232997
21.28,0,0.672627,23375.093,0.233016
21.2975,0,0.672004,23387.071,0.233035
21.315,0,0.671382,23399.037,0.233054
21.3325,0,0.670759,23410.992,0.233072
21.35,0,0.670137,23422.934,0.233091
21.3675,0,0.669515,23434.865,0.23311
21.385,0,0.668894,23446.784,0.23313
21.4025,0,0.668272,23458.692,0.233149
21.42,0,0.667651,23470.588,0.233168
21.4375,0,0.667029,23482.472,0.233187
21.455,0,0.666408,23494.344,0.233206
21.4725,0,0.665787,23506.204,0.233225
21.49,0,0.665166,23518.053,0.233244
21.5075,0,0.664546,23529.89,0.233263
21.525,0,0.663925,23541.716,0.233282
21.5425,0,0.663305,23553.53,0.233301
21.56,0,0.662685,23565.332,0.23332
21.5775,0,0.662065,23577.122,0.233339
21.595,0,0.661445,23588.901,0.233358
21.6125,0,0.660825,23600.668,0.233377
21.63,0,0.660205,23612.423,0.233397
21.6475,0,0.659586,23624.167,0.233416
21.665,0,0.658966,23635.899,0.233435
21.6825,0,0.658347,23647.619,0.233454
21.7,0,0.657728,23659.328,0.233473
21.7175,0,0.657109,23671.025,0.233492
21.735,0,0.656491,23682.71,0.233512
21.7525,0,0.655872,23694.384,0.233531
21.77,0,0.655253,23706.046,0.23355
21.7875,0,0.654635,23717.696,0.233569
21.805,0,0.654017,23729.335,0.233589
21.8225,0,0.653399,23740.962,0.233608
21.84,0,0.652781,23752.578,0.233627
21.8575,0,0.652163,23764.182,0.233646
21.875,0,0.651546,23775.774,0.233666
21.8925,0,0.650928,23787.355,0.233685
21.91,0,0.650311,23798.924,0.233704
21.9275,0,0.649694,23810.482,0.233723
21.945,0,0.649077,23822.028,0.233743
21.9625,0,0.64846,23833.562,0.233762
21.98,0,0.647843,23845.085,0.233781
21.9975,0,0.647227,23856.596,0.233801
22.015,0,0.64661,23868.095,0.23382
22.0325,0,0.645994,23879.583,0.233839
22.05,0,0.645378,23891.06,0.233859
22.0675,0,0.644762,23902.525,0.233878
22.085,0,0.644146,23913.978,0.233897
22.1025,0,0.64353,23925.42,0.233917
22.12,0,0.642915,23936.85,0.233936
22.1375,0,0.642299,23948.268,0.233956
22.155,0,0.641684,23959.676,0.233975
22.1725,0,0.641069,23971.071,0.233995
22.19,0,0.640454,23982.455,0.234014
22.2075,0,0.639839,23993.827,0.234033
22.225,0,0.639224,24005.188,0.234053
22.2425,0,0.638609,24016.538,0.234072
22.26,0,0.637995,24027.876,0.234092
22.2775,0,0.637381,24039.202,0.234111
22.295,0,0.636766,24050.517,0.234131
22.3125,0,0.636152,24061.82,0.23415
22.33,0,0.635538,24073.112,0.23417
22.3475,0,0.634925,24084.392,0.234189
22.365,0,0.634311,24095.661,0.234209
22.3825,0,0.633697,24106.918,0.234228
22.4,0,0.633084,24118.164,0.234248
22.4175,0,0.632471,24129.398,0.234268
22.435,0,0.631858,24140.621,0.234287
22.4525,0,0.631245,24151.832,0.234307
22.47,0,0.630632,24163.032,0.234326
22.4875,0,0.630019,24174.22,0.234346
22.505,0,0.629406,24185.397,0.234366
22.5225,0,0.628794,24196.562,0.234385
22.54,0,0.628182,24207.716,0.234405
22.5575,0,0.627569,24218.859,0.234425
22.575,0,0.626957,24229.99,0.234444
22.5925,0,0.626345,24241.109,0.234464
22.61,0,0.625734,24252.217,0.234484
22.6275,0,0.625122,24263.314,0.234503
22.645,0,0.62451,24274.399,0.234523
22.6625,0,0.623899,24285.473,0.234543
22.68,0,0.623288,24296.535,0.234562
22.6975,0,0.622677,24307.586,0.234582
22.715,0,0.622066,24318.626,0.234602
22.7325,0,0.621455,24329.654,0.234622
22.75,0,0.620844,24340.67,0.234641
22.7675,0,0.620233,24351.675,0.234661
22.785,0,0.619623,24362.669,0.234681
22.8025,0,0.619012,24373.652,0.234701
22.82,0,0.618402,24384.623,0.234721
22.8375,0,0.617792,24395.582,0.23474
22.855,0,0.617182,24406.53,0.23476
22.8725,0,0.616572,24417.467,0.23478
22.89,0,0.615962,24428.393,0.2348
22.9075,0,0.615353,24439.307,0.23482
22.925,0,0.614743,24450.209,0.23484
22.9425,0,0.614134,24461.1,0.23486
22.96,0,0.613525,24471.98,0.23488
22.9775,0,0.612916,24482.849,0.234899
22.995,0,0.612307,24493.706,0.234919
23.0125,0,0.611698,24504.552,0.234939
23.03,0,0.611089,24515.386,0.234959
23.0475,0,0.61048,24526.209,0.234979
23.065,0,0.609872,24537.021,0.234999
23.0825,0,0.609264,24547.821,0.235019
23.1,0,0.608655,24558.61,0.235039
23.1175,0,0.608047,24569.388,0.235059
23.135,0,0.607439,24580.154,0.235079
23.1525,0,0.606831,24590.909,0.235099
23.17,0,0.606224,24601.653,0.235119
23.1875,0,0.605616,24612.385,0.235139
23.205,0,0.605009,24623.106,0.235159
23.2225,0,0.604401,24633.816,0.235179
23.24,0,0.603794,24644.514,0.2352
23.2575,0,0.603187,24655.201,0.23522
23.275,0,0.60258,24665.877,0.23524
23.2925,0,0.601973,24676.541,0.23526
23.31,0,0.601366,24687.194,0.23528
23.3275,0,0.600759,24697.836,0.2353
23.345,0,0.600153,24708.466,0.23532
23.3625,0,0.599547,24719.085,0.23534
23.38,0,0.59894,24729.693,0.235361
23.3975,0,0.598334,24740.29,0.235381
23.415,0,0.597728,24750.875,0.235401
23.4325,0,0.597122,24761.449,0.235421
23.45,0,0.596516,24772.012,0.235441
23.4675,0,0.595911,24782.564,0.235462
23.485,0,0.595305,24793.104,0.235482
23.5025,0,0.5947,24803.633,0.235502
23.52,0,0.594094,24814.15,0.235522
23.5375,0,0.593489,24824.657,0.235543
23.555,0,0.592884,24835.152,0.235563
23.5725,0,0.592279,24845.636,0.235583
23.59,0,0.591674,24856.109,0.235604
23.6075,0,0.591069,24866.57,0.235624
23.625,0,0.590465,24877.02,0.235644
23.6425,0,0.58986,24887.459,0.235665
23.66,0,0.589256,24897.887,0.235685
23.6775,0,0.588651,24908.303,0.235705
23.695,0,0.588047,24918.709,0.235726
23.7125,0,0.587443,24929.103,0.235746
23.73,0,0.586839,24939.485,0.235767
23.7475,0,0.586235,24949.857,0.235787
23.765,0,0.585632,24960.217,0.235808
23.7825,0,0.585028,24970.566,0.235828
23.8,0,0.584424,24980.904,0.235848
23.8175,0,0.583821,24991.231,0.235869
23.835,0,0.583218,25001.547,0.235889
23.8525,0,0.582615,25011.851,0.23591
23.87,0,0.582012,25022.144,0.23593
23.8875,0,0.581409,25032.426,0.235951
23.905,0,0.580806,25042.697,0.235972
23.9225,0,0.580203,25052.956,0.235992
23.94,0,0.579601,25063.205,0.236013
23.9575,0,0.578998,25073.442,0.236033
23.975,0,0.578396,25083.668,0.236054
23.9925,0,0.577793,25093.883,0.236074
24.01,0,0.577191,25104.086,0.236095
24.0275,0,0.576589,25114.279,0.236116
24.045,0,0.575987,25124.46,0.236136
24.0625,0,0.575385,25134.63,0.236157
24.08,0,0.574784,25144.789,0.236178
24.0975,0,0.574182,25154.937,0.236198
24.115,0,0.573581,25165.074,0.236219
24.1325,0,0.572979,25175.199,0.23624
24.15,0,0.572378,25185.314,0.23626
24.1675,0,0.571777,25195.417,0.236281
24.185,0,0.571176,25205.509,0.236302
24.2025,0,0.570575,25215.59,0.236323
24.22,0,0.569974,25225.66,0.236344
24.2375,0,0.569373,25235.719,0.236364
24.255,0,0.568773,25245.766,0.236385
24.2725,0,0.568172,25255.803,0.236406
24.29,0,0.567572,25265.828,0.236427
24.3075,0,0.566971,25275.842,0.236448
24.325,0,0.566371,25285.845,0.236469
24.3425,0,0.565771,25295.837,0.236489
24.36,0,0.565171,25305.818,0.23651
24.3775,0,0.564571,25315.788,0.236531
24.395,0,0.563971,25325.747,0.236552
24.4125,0,0.563372,25335.694,0.236573
24.43,0,0.562772,25345.631,0.236594
24.4475,0,0.562173,25355.556,0.236615
24.465,0,0.561573,25365.471,0.236636
24.4825,0,0.560974,25375.374,0.236657
24.5,0,0.560375,25385.266,0.236678
24.5175,0,0.559776,25395.147,0.236699
24.535,0,0.559177,25405.017,0.23672
24.5525,0,0.558578,25414.876,0.236741
24.57,0,0.557979,25424.724,0.236762
24.5875,0,0.557381,25434.561,0.236783
24.605,0,0.556782,25444.386,0.236804
24.6225,0,0.556184,25454.201,0.236825
24.64,0,0.555585,25464.005,0.236846
24.6575,0,0.554987,25473.797,0.236868
24.675,0,0.554389,25483.579,0.236889
24.6925,0,0.553791,25493.349,0.23691
24.71,0,0.553193,25503.108,0.236931
24.7275,0,0.552595,25512.857,0.236952
24.745,0,0.551998,25522.594,0.236973
24.7625,0,0.5514,25532.32,0.236995
24.78,0,0.550802,25542.036,0.237016
24.7975,0,0.550205,25551.74,0.237037
24.815,0,0.549608,25561.433,0.237058
24.8325,0,0.549011,25571.115,0.23708
24.85,0,0.548413,25580.786,0.237101
24.8675,0,0.547816,25590.446,0.237122
24.885,0,0.547219,25600.095,0.237144
24.9025,0,0.546623,25609.733,0.237165
24.92,0,0.546026,25619.36,0.237186
24.9375,0,0.545429,25628.977,0.237208
24.955,0,0.544833,25638.582,0.237229
24.9725,0,0.544236,25648.176,0.23725
24.99,0,0.54364,25657.759,0.237272
25.0075,0,0.543044,25667.331,0.237293
25.025,0,0.542448,25676.892,0.237315
25.0425,0,0.541852,25686.442,0.237336
25.06,0,0.541256,25695.981,0.237358
25.0775,0,0.54066,25705.509,0.237379
25.095,0,0.540064,25715.026,0.237401
25.1125,0,0.539469,25724.532,0.237422
25.13,0,0.538873,25734.027,0.237444
25.1475,0,0.538278,25743.512,0.237465
25.165,0,0.537682,25752.985,0.237487
25.1825,0,0.537087,25762.447,0.237508
25.2,0,0.536492,25771.898,0.23753
25.2175,0,0.535897,25781.339,0.237551
25.235,0,0.535302,25790.768,0.237573
25.2525,0,0.534707,25800.186,0.237595
25.27,0,0.534112,25809.594,0.237616
25.2875,0,0.533518,25818.99,0.237638
25.305,0,0.532923,25828.376,0.23766
25.3225,0,0.532329,25837.751,0.237681
25.34,0,0.531734,25847.114,0.237703
25.3575,0,0.53114,25856.467,0.237725
25.375,0,0.530546,25865.809,0.237747
25.3925,0,0.529952,25875.14,0.237768
25.41,0,0.529358,25884.459,0.23779
25.4275,0,0.528764,25893.768,0.237812
25.445,0,0.52817,25903.066,0.237834
25.4625,0,0.527576,25912.354,0.237856
25.48,0,0.526983,25921.63,0.237877
25.4975,0,0.526389,25930.895,0.237899
25.515,0,0.525796,25940.15,0.237921
25.5325,0,0.525202,25949.393,0.237943
25.55,0,0.524609,25958.626,0.237965
25.5675,0,0.524016,25967.847,0.237987
25.585,0,0.523423,25977.058,0.238009
25.6025,0,0.52283,25986.258,0.238031
25.62,0,0.522237,25995.447,0.238053
25.6375,0,0.521644,26004.625,0.238075
25.655,0,0.521051,26013.792,0.238097
25.6725,0,0.520459,26022.948,0.238119
25.69,0,0.519866,26032.094,0.238141
25.7075,0,0.519274,26041.228,0.238163
25.725,0,0.518681,26050.352,0.238185
25.7425,0,0.518089,26059.465,0.238207
25.76,0,0.517497,26068.566,0.238229
25.7775,0,0.516905,26077.657,0.238251
25.795,0,0.516313,26086.738,0.238274
25.8125,0,0.515721,26095.807,0.238296
25.83,0,0.515129,26104.865,0.238318
25.8475,0,0.514537,26113.913,0.23834
25.865,0,0.513946,26122.949,0.238362
25.8825,0,0.513354,26131.975,0.238385
25.9,0,0.512763,26140.99,0.238407
25.9175,0,0.512171,26149.994,0.238429
25.935,0,0.51158,26158.987,0.238451
25.9525,0,0.510989,26167.97,0.238474
25.97,0,0.510398,26176.941,0.238496
25.9875,0,0.509807,26185.902,0.238518
26.005,0,0.509216,26194.852,0.238541
26.0225,0,0.508625,26203.791,0.238563
26.04,0,0.508034,26212.719,0.238586
26.0575,0,0.507444,26221.636,0.238608
26.075,0,0.506853,26230.543,0.23863
26.0925,0,0.506263,26239.439,0.238653
26.11,0,0.505672,26248.324,0.238675
26.1275,0,0.505082,26257.198,0.238698
26.145,0,0.504492,26266.061,0.23872
26.1625,0,0.503902,26274.913,0.238743
26.18,0,0.503311,26283.755,0.238765
26.1975,0,0.502722,26292.586,0.238788
26.215,0,0.502132,26301.406,0.238811
26.2325,0,0.501542,26310.215,0.238833
26.25,0,0.500952,26319.013,0.238856
26.2675,0,0.500363,26327.801,0.238878
26.285,0,0.499773,26336.578,0.238901
26.3025,0,0.499184,26345.344,0.238924
26.32,0,0.498594,26354.099,0.238946
26.3375,0,0.498005,26362.843,0.238969
26.355,0,0.497416,26371.577,0.238992
26.3725,0,0.496827,26380.3,0.239015
26.39,0,0.496238,26389.012,0.239037
26.4075,0,0.495649,26397.713,0.23906
26.425,0,0.49506,26406.403,0.239083
26.4425,0,0.494471,26415.083,0.239106
26.46,0,0.493882,26423.752,0.239129
26.4775,0,0.493294,26432.41,0.239151
26.495,0,0.492705,26441.057,0.239174
26.5125,0,0.492117,26449.694,0.239197
26.53,0,0.491528,26458.32,0.23922
26.5475,0,0.49094,26466.935,0.239243
26.565,0,0.490352,26475.539,0.239266
26.5825,0,0.489764,26484.133,0.239289
26.6,0,0.489176,26492.716,0.239312
26.6175,0,0.488588,26501.288,0.239335
26.635,0,0.488,26509.849,0.239358
26.6525,0,0.487412,26518.4,0.239381
26.67,0,0.486824,26526.939,0.239404
26.6875,0,0.486237,26535.468,0.239427
26.705,0,0.485649,26543.987,0.23945
26.7225,0,0.485062,26552.494,0.239474
26.74,0,0.484474,26560.991,0.239497
26.7575,0,0.483887,26569.477,0.23952
26.775,0,0.4833,26577.953,0.239543
26.7925,0,0.482713,26586.417,0.239566
26.81,0,0.482126,26594.871,0.239589
26.8275,0,0.481539,26603.315,0.239613
26.845,0,0.480952,26611.747,0.239636
26.8625,0,0.480365,26620.169,0.239659
26.88,0,0.479778,26628.58,0.239683
26.8975,0,0.479192,26636.98,0.239706
26.915,0,0.478605,26645.37,0.239729
26.9325,0,0.478019,26653.749,0.239753
26.95,0,0.477432,26662.117,0.239776
26.9675,0,0.476846,26670.475,0.2398
26.985,0,0.47626,26678.821,0.239823
27.0025,0,0.475674,26687.158,0.239846
27.02,0,0.475087,26695.483,0.23987
27.0375,0,0.474501,26703.798,0.239893
27.055,0,0.473916,26712.102,0.239917
27.0725,0,0.47333,26720.395,0.23994
27.09,0,0.472744,26728.678,0.239964
27.1075,0,0.472158,26736.95,0.239988
27.125,0,0.471573,26745.211,0.240011
27.1425,0,0.470987,26753.462,0.240035
27.16,0,0.470402,26761.701,0.240059
27.1775,0,0.469816,26769.931,0.240082
27.195,0,0.469231,26778.149,0.240106
27.2125,0,0.468646,26786.357,0.24013
27.23,0,0.468061,26794.554,0.240153
27.2475,0,0.467476,26802.741,0.240177
27.265,0,0.466891,26810.917,0.240201
27.2825,0,0.466306,26819.082,0.240225
27.3,0,0.465721,26827.237,0.240249
27.3175,0,0.465136,26835.381,0.240272
27.335,0,0.464551,26843.514,0.240296
27.3525,0,0.463967,26851.636,0.24032
27.37,0,0.463382,26859.748,0.240344
27.3875,0,0.462798,26867.85,0.240368
27.405,0,0.462213,26875.94,0.240392
27.4225,0,0.461629,26884.02,0.240416
27.44,0,0.461045,26892.09,0.24044
27.4575,0,0.460461,26900.148,0.240464
27.475,0,0.459877,26908.197,0.240488
27.4925,0,0.459293,26916.234,0.240512
27.51,0,0.458709,26924.261,0.240536
27.5275,0,0.458125,26932.277,0.24056
27.545,0,0.457541,26940.283,0.240584
27.5625,0,0.456957,26948.277,0.240609
27.58,0,0.456374,26956.262,0.240633
27.5975,0,0.45579,26964.235,0.240657
27.615,0,0.455207,26972.198,0.240681
27.6325,0,0.454623,26980.151,0.240706
27.65,0,0.45404,26988.093,0.24073
27.6675,0,0.453457,26996.024,0.240754
27.685,0,0.452874,27003.945,0.240778
27.7025,0,0.452291,27011.855,0.240803
27.72,0,0.451708,27019.754,0.240827
27.7375,0,0.451125,27027.643,0.240852
27.755,0,0.450542,27035.521,0.240876
27.7725,0,0.449959,27043.388,0.2409
27.79,0,0.449376,27051.245,0.240925
27.8075,0,0.448794,27059.092,0.240949
27.825,0,0.448211,27066.927,0.240974
27.8425,0,0.447628,27074.753,0.240998
27.86,0,0.447046,27082.567,0.241023
27.8775,0,0.446464,27090.371,0.241048
27.895,0,0.445881,27098.165,0.241072
27.9125,0,0.445299,27105.947,0.241097
27.93,0,0.444717,27113.72,0.241122
27.9475,0,0.444135,27121.481,0.241146
27.965,0,0.443553,27129.232,0.241171
27.9825,0,0.442971,27136.973,0.241196
28,0,0.442389,27144.703,0.24122
28.0175,0,0.441807,27152.422,0.241245
28.035,0,0.441226,27160.131,0.24127
28.0525,0,0.440644,27167.829,0.241295
28.07,0,0.440063,27175.517,0.24132
28.0875,0,0.439481,27183.194,0.241345
28.105,0,0.4389,27190.861,0.24137
28.1225,0,0.438318,27198.517,0.241395
28.14,0,0.437737,27206.162,0.24142
28.1575,0,0.437156,27213.797,0.241444
28.175,0,0.436575,27221.421,0.24147
28.1925,0,0.435994,27229.035,0.241495
28.21,0,0.435413,27236.638,0.24152
28.2275,0,0.434832,27244.231,0.241545
28.245,0,0.434251,27251.813,0.24157
28.2625,0,0.43367,27259.384,0.241595
28.28,0,0.433089,27266.945,0.24162
28.2975,0,0.432509,27274.496,0.241645
28.315,0,0.431928,27282.036,0.241671
28.3325,0,0.431348,27289.565,0.241696
28.35,0,0.430767,27297.084,0.241721
28.3675,0,0.430187,27304.592,0.241746
28.385,0,0.429607,27312.09,0.241772
28.4025,0,0.429027,27319.578,0.241797
28.42,0,0.428446,27327.054,0.241823
28.4375,0,0.427866,27334.521,0.241848
28.455,0,0.427286,27341.976,0.241873
28.4725,0,0.426706,27349.421,0.241899
28.49,0,0.426127,27356.856,0.241924
28.5075,0,0.425547,27364.28,0.24195
28.525,0,0.424967,27371.694,0.241975
28.5425,0,0.424387,27379.097,0.242001
28.56,0,0.423808,27386.49,0.242027
28.5775,0,0.423228,27393.872,0.242052
28.595,0,0.422649,27401.243,0.242078
28.6125,0,0.42207,27408.605,0.242104
28.63,0,0.42149,27415.955,0.242129
28.6475,0,0.420911,27423.295,0.242155
28.665,0,0.420332,27430.625,0.242181
28.6825,0,0.419753,27437.944,0.242207
28.7,0,0.419174,27445.253,0.242232
28.7175,0,0.418595,27452.551,0.242258
28.735,0,0.418016,27459.838,0.242284
28.7525,0,0.417437,27467.116,0.24231
28.77,0,0.416858,27474.382,0.242336
28.7875,0,0.41628,27481.638,0.242362
28.805,0,0.415701,27488.884,0.242388
28.8225,0,0.415123,27496.119,0.242414
28.84,0,0.414544,27503.344,0.24244
28.8575,0,0.413966,27510.558,0.242466
28.875,0,0.413387,27517.762,0.242492
28.8925,0,0.412809,27524.955,0.242518
28.91,0,0.412231,27532.138,0.242545
28.9275,0,0.411653,27539.311,0.242571
28.945,0,0.411075,27546.473,0.242597
28.9625,0,0.410497,27553.624,0.242623
28.98,0,0.409919,27560.765,0.24265
28.9975,0,0.409341,27567.896,0.242676
29.015,0,0.408763,27575.016,0.242702
29.0325,0,0.408185,27582.125,0.242729
29.05,0,0.407608,27589.224,0.242755
29.0675,0,0.40703,27596.313,0.242781
29.085,0,0.406453,27603.391,0.242808
29.1025,0,0.405875,27610.459,0.242834
29.12,0,0.405298,27617.516,0.242861
29.1375,0,0.40472,27624.563,0.242888
29.155,0,0.404143,27631.6,0.242914
29.1725,0,0.403566,27638.626,0.242941
29.19,0,0.402989,27645.641,0.242967
29.2075,0,0.402412,27652.646,0.242994
29.225,0,0.401835,27659.641,0.243021
29.2425,0,0.401258,27666.625,0.243048
29.26,0,0.400681,27673.599,0.243074
29.2775,0,0.400104,27680.562,0.243101
29.295,0,0.399527,27687.515,0.243128
29.3125,0,0.398951,27694.458,0.243155
29.33,0,0.398374,27701.39,0.243182
29.3475,0,0.397798,27708.312,0.243209
29.365,0,0.397221,27715.223,0.243236
29.3825,0,0.396645,27722.124,0.243263
29.4,0,0.396069,27729.014,0.24329
29.4175,0,0.395492,27735.894,0.243317
29.435,0,0.394916,27742.764,0.243344
29.4525,0,0.39434,27749.623,0.243371
29.47,0,0.393764,27756.471,0.243398
29.4875,0,0.393188,27763.31,0.243425
29.505,0,0.392612,27770.138,0.243453
29.5225,0,0.392036,27776.955,0.24348
29.54,0,0.39146,27783.762,0.243507
29.5575,0,0.390885,27790.559,0.243535
29.575,0,0.390309,27797.345,0.243562
29.5925,0,0.389733,27804.121,0.243589
29.61,0,0.389158,27810.887,0.243617
29.6275,0,0.388582,27817.642,0.243644
29.645,0,0.388007,27824.386,0.243672
29.6625,0,0.387432,27831.121,0.243699
29.68,0,0.386856,27837.845,0.243727
29.6975,0,0.386281,27844.558,0.243754
29.715,0,0.385706,27851.261,0.243782
29.7325,0,0.385131,27857.954,0.24381
29.75,0,0.384556,27864.636,0.243837
29.7675,0,0.383981,27871.308,0.243865
29.785,0,0.383406,27877.97,0.243893
29.8025,0,0.382831,27884.621,0.243921
29.82,0,0.382256,27891.262,0.243949
29.8375,0,0.381682,27897.892,0.243976
29.855,0,0.381107,27904.512,0.244004
29.8725,0,0.380533,27911.122,0.244032
29.89,0,0.379958,27917.721,0.24406
29.9075,0,0.379384,27924.31,0.244088
29.925,0,0.378809,27930.889,0.244116
29.9425,0,0.378235,27937.457,0.244144
29.96,0,0.377661,27944.015,0.244173
29.9775,0,0.377087,27950.563,0.244201
29.995,0,0.376513,27957.1,0.244229
30.0125,0,0.375939,27963.627,0.244257
30.03,0,0.375365,27970.143,0.244285
30.0475,0,0.374791,27976.649,0.244314
30.065,0,0.374217,27983.145,0.244342
30.0825,0,0.373643,27989.63,0.24437
30.1,0,0.373069,27996.105,0.244399
30.1175,0,0.372496,28002.57,0.244427
30.135,0,0.371922,28009.024,0.244456
30.1525,0,0.371349,28015.468,0.244484
30.17,0,0.370775,28021.902,0.244513
30.1875,0,0.370202,28028.325,0.244541
30.205,0,0.369628,28034.738,0.24457
30.2225,0,0.369055,28041.14,0.244599
30.24,0,0.368482,28047.533,0.244627
30.2575,0,0.367909,28053.914,0.244656
30.275,0,0.367336,28060.286,0.244685
30.2925,0,0.366763,28066.647,0.244714
30.31,0,0.36619,28072.998,0.244743
30.3275,0,0.365617,28079.339,0.244772
30.345,0,0.365044,28085.669,0.244801
30.3625,0,0.364471,28091.989,0.24483
30.38,0,0.363899,28098.298,0.244859
30.3975,0,0.363326,28104.598,0.244888
30.415,0,0.362753,28110.887,0.244917
30.4325,0,0.362181,28117.165,0.244946
30.45,0,0.361609,28123.434,0.244975
30.4675,0,0.361036,28129.692,0.245004
30.485,0,0.360464,28135.939,0.245034
30.5025,0,0.359892,28142.177,0.245063
30.52,0,0.35932,28148.404,0.245092
30.5375,0,0.358747,28154.62,0.245122
30.555,0,0.358175,28160.827,0.245151
30.5725,0,0.357603,28167.023,0.245181
30.59,0,0.357031,28173.209,0.24521
30.6075,0,0.35646,28179.384,0.24524
30.625,0,0.355888,28185.549,0.245269
30.6425,0,0.355316,28191.704,0.245299
30.66,0,0.354744,28197.849,0.245329
30.6775,0,0.354173,28203.983,0.245358
30.695,0,0.353601,28210.107,0.245388
30.7125,0,0.35303,28216.221,0.245418
30.73,0,0.352458,28222.324,0.245448
30.7475,0,0.351887,28228.417,0.245478
30.765,0,0.351316,28234.5,0.245508
30.7825,0,0.350745,28240.572,0.245538
30.8,0,0.350174,28246.635,0.245568
30.8175,0,0.349602,28252.687,0.245598
30.835,0,0.349031,28258.728,0.245628
30.8525,0,0.34846,28264.76,0.245658
30.87,0,0.34789,28270.781,0.245688
30.8875,0,0.347319,28276.792,0.245718
30.905,0,0.346748,28282.792,0.245749
30.9225,0,0.346177,28288.782,0.245779
30.94,0,0.345607,28294.762,0.245809
30.9575,0,0.345036,28300.732,0.24584
30.975,0,0.344466,28306.691,0.24587
30.9925,0,0.343895,28312.64,0.245901
31.01,0,0.343325,28318.579,0.245931
31.0275,0,0.342755,28324.508,0.245962
31.045,0,0.342184,28330.426,0.245992
31.0625,0,0.341614,28336.334,0.246023
31.08,0,0.341044,28342.232,0.246054
31.0975,0,0.340474,28348.12,0.246085
31.115,0,0.339904,28353.997,0.246115
31.1325,0,0.339334,28359.864,0.246146
31.15,0,0.338764,28365.721,0.246177
31.1675,0,0.338194,28371.567,0.246208
31.185,0,0.337625,28377.403,0.246239
31.2025,0,0.337055,28383.229,0.24627
31.22,0,0.336485,28389.045,0.246301
31.2375,0,0.335916,28394.851,0.246332
31.255,0,0.335346,28400.646,0.246364
31.2725,0,0.334777,28406.431,0.246395
31.29,0,0.334208,28412.205,0.246426
31.3075,0,0.333638,28417.97,0.246457
31.325,0,0.333069,28423.724,0.246489
31.3425,0,0.3325,28429.468,0.24652
31.36,0,0.331931,28435.202,0.246552
31.3775,0,0.331362,28440.925,0.246583
31.395,0,0.330793,28446.639,0.246615
31.4125,0,0.330224,28452.342,0.246646
31.43,0,0.329655,28458.034,0.246678
31.4475,0,0.329086,28463.717,0.24671
31.465,0,0.328518,28469.389,0.246742
31.4825,0,0.327949,28475.051,0.246773
31.5,0,0.327381,28480.703,0.246805
31.5175,0,0.326812,28486.345,0.246837
31.535,0,0.326244,28491.976,0.246869
31.5525,0,0.325675,28497.597,0.246901
31.57,0,0.325107,28503.208,0.246933
31.5875,0,0.324539,28508.809,0.246965
31.605,0,0.323971,28514.399,0.246997
31.6225,0,0.323403,28519.98,0.24703
31.64,0,0.322835,28525.55,0.247062
31.6575,0,0.322267,28531.11,0.247094
31.675,0,0.321699,28536.659,0.247127
31.6925,0,0.321131,28542.199,0.247159
31.71,0,0.320563,28547.728,0.247192
31.7275,0,0.319995,28553.247,0.247224
31.745,0,0.319428,28558.755,0.247257
31.7625,0,0.31886,28564.254,0.247289
31.78,0,0.318293,28569.742,0.247322
31.7975,0,0.317725,28575.22,0.247355
31.815,0,0.317158,28580.688,0.247388
31.8325,0,0.31659,28586.146,0.247421
31.85,0,0.316023,28591.594,0.247453
31.8675,0,0.315456,28597.031,0.247486
31.885,0,0.314889,28602.458,0.247519
31.9025,0,0.314322,28607.875,0.247553
31.92,0,0.313755,28613.282,0.247586
31.9375,0,0.313188,28618.678,0.247619
31.955,0,0.312621,28624.064,0.247652
31.9725,0,0.312054,28629.44,0.247685
31.99,0,0.311488,28634.806,0.247719
32.0075,0,0.310921,28640.162,0.247752
32.025,0,0.310354,28645.508,0.247786
32.0425,0,0.309788,28650.843,0.247819
32.06,0,0.309222,28656.168,0.247853
32.0775,0,0.308655,28661.483,0.247887
32.095,0,0.308089,28666.788,0.24792
32.1125,0,0.307523,28672.082,0.247954
32.13,0,0.306956,28677.367,0.247988
32.1475,0,0.30639,28682.641,0.248022
32.165,0,0.305824,28687.905,0.248056
32.1825,0,0.305258,28693.159,0.24809
32.2,0,0.304693,28698.403,0.248124
32.2175,0,0.304127,28703.636,0.248158
32.235,0,0.303561,28708.859,0.248192
32.2525,0,0.302995,28714.072,0.248226
32.27,0,0.30243,28719.275,0.248261
32.2875,0,0.301864,28724.468,0.248295
32.305,0,0.301299,28729.651,0.248329
32.3225,0,0.300733,28734.823,0.248364
32.34,0,0.300168,28739.986,0.248398
32.3575,0,0.299603,28745.138,0.248433
32.375,0,0.299037,28750.28,0.248468
32.3925,0,0.298472,28755.411,0.248502
32.41,0,0.297907,28760.533,0.248537
32.4275,0,0.297342,28765.645,0.248572
32.445,0,0.296777,28770.746,0.248607
32.4625,0,0.296212,28775.837,0.248642
32.48,0,0.295648,28780.918,0.248677
32.4975,0,0.295083,28785.989,0.248712
32.515,0,0.294518,28791.049,0.248747
32.5325,0,0.293954,28796.1,0.248783
32.55,0,0.293389,28801.14,0.248818
32.5675,0,0.292825,28806.171,0.248853
32.585,0,0.29226,28811.191,0.248889
32.6025,0,0.291696,28816.201,0.248924
32.62,0,0.291132,28821.2,0.24896
32.6375,0,0.290568,28826.19,0.248996
32.655,0,0.290004,28831.169,0.249031
32.6725,0,0.28944,28836.139,0.249067
32.69,0,0.288876,28841.098,0.249103
32.7075,0,0.288312,28846.047,0.249139
32.725,0,0.287748,28850.986,0.249175
32.7425,0,0.287184,28855.914,0.249211
32.76,0,0.286621,28860.833,0.249247
32.7775,0,0.286057,28865.742,0.249283
32.795,0,0.285494,28870.64,0.249319
32.8125,0,0.28493,28875.528,0.249356
32.83,0,0.284367,28880.406,0.249392
32.8475,0,0.283804,28885.274,0.249429
32.865,0,0.28324,28890.132,0.249465
32.8825,0,0.282677,28894.979,0.249502
32.9,0,0.282114,28899.817,0.249538
32.9175,0,0.281551,28904.644,0.249575
32.935,0,0.280988,28909.462,0.249612
32.9525,0,0.280425,28914.269,0.249649
32.97,0,0.279863,28919.066,0.249686
32.9875,0,0.2793,28923.853,0.249723
33.005,0,0.278737,28928.629,0.24976
33.0225,0,0.278175,28933.396,0.249797
33.04,0,0.277612,28938.153,0.249835
33.0575,0,0.27705,28942.899,0.249872
33.075,0,0.276488,28947.635,0.249909
33.0925,0,0.275926,28952.361,0.249947
33.11,0,0.275363,28957.077,0.249984
33.1275,0,0.274801,28961.783,0.250022
33.145,0,0.274239,28966.479,0.25006
33.1625,0,0.273677,28971.165,0.250098
33.18,0,0.273116,28975.84,0.250135
33.1975,0,0.272554,28980.506,0.250173
33.215,0,0.271992,28985.161,0.250211
33.2325,0,0.27143,28989.806,0.25025
33.25,0,0.270869,28994.442,0.250288
33.2675,0,0.270307,28999.067,0.250326
33.285,0,0.269746,29003.682,0.250364
33.3025,0,0.269185,29008.286,0.250403
33.32,0,0.268624,29012.881,0.250441
33.3375,0,0.268062,29017.466,0.25048
33.355,0,0.267501,29022.04,0.250519
33.3725,0,0.26694,29026.605,0.250557
33.39,0,0.266379,29031.159,0.250596
33.4075,0,0.265819,29035.703,0.250635
33.425,0,0.265258,29040.237,0.250674
33.4425,0,0.264697,29044.761,0.250713
33.46,0,0.264137,29049.275,0.250752
33.4775,0,0.263576,29053.779,0.250792
33.495,0,0.263016,29058.273,0.250831
33.5125,0,0.262455,29062.756,0.25087
33.53,0,0.261895,29067.23,0.25091
33.5475,0,0.261335,29071.693,0.25095
33.565,0,0.260775,29076.147,0.250989
33.5825,0,0.260215,29080.59,0.251029
33.6,0,0.259655,29085.023,0.251069
33.6175,0,0.259095,29089.446,0.251109
33.635,0,0.258535,29093.859,0.251149
33.6525,0,0.257976,29098.262,0.251189
33.67,0,0.257416,29102.655,0.251229
33.6875,0,0.256857,29107.038,0.25127
33.705,0,0.256297,29111.411,0.25131
33.7225,0,0.255738,29115.773,0.25135
33.74,0,0.255179,29120.126,0.251391
33.7575,0,0.254619,29124.468,0.251432
33.775,0,0.25406,29128.801,0.251473
33.7925,0,0.253501,29133.123,0.251513
33.81,0,0.252942,29137.435,0.251554
33.8275,0,0.252384,29141.737,0.251595
33.845,0,0.251825,29146.029,0.251637
33.8625,0,0.251266,29150.312,0.251678
33.88,0,0.250708,29154.583,0.251719
33.8975,0,0.250149,29158.845,0.251761
33.915,0,0.249591,29163.097,0.251802
33.9325,0,0.249032,29167.339,0.251844
33.95,0,0.248474,29171.571,0.251886
33.9675,0,0.247916,29175.792,0.251927
33.985,0,0.247358,29180.004,0.251969
34.0025,0,0.2468,29184.205,0.252011
34.02,0,0.246242,29188.397,0.252054
34.0375,0,0.245685,29192.578,0.252096
34.055,0,0.245127,29196.749,0.252138
34.0725,0,0.244569,29200.91,0.252181
34.09,0,0.244012,29205.062,0.252223
34.1075,0,0.243455,29209.203,0.252266
34.125,0,0.242897,29213.334,0.252309
34.1425,0,0.24234,29217.455,0.252352
34.16,0,0.241783,29221.566,0.252395
34.1775,0,0.241226,29225.667,0.252438
34.195,0,0.240669,29229.757,0.252481
34.2125,0,0.240112,29233.838,0.252524
34.23,0,0.239556,29237.909,0.252568
34.2475,0,0.238999,29241.97,0.252611
34.265,0,0.238442,29246.02,0.252655
34.2825,0,0.237886,29250.061,0.252699
34.3,0,0.23733,29254.091,0.252743
34.3175,0,0.236773,29258.112,0.252787
34.335,0,0.236217,29262.122,0.252831
34.3525,0,0.235661,29266.123,0.252875
34.37,0,0.235105,29270.113,0.252919
34.3875,0,0.234549,29274.093,0.252964
34.405,0,0.233994,29278.064,0.253008
34.4225,0,0.233438,29282.024,0.253053
34.44,0,0.232883,29285.974,0.253098
34.4575,0,0.232327,29289.914,0.253143
34.475,0,0.231772,29293.844,0.253188
34.4925,0,0.231217,29297.764,0.253233
34.51,0,0.230661,29301.674,0.253278
34.5275,0,0.230106,29305.574,0.253324
34.545,0,0.229552,29309.464,0.253369
34.5625,0,0.228997,29313.344,0.253415
34.58,0,0.228442,29317.214,0.253461
34.5975,0,0.227887,29321.074,0.253507
34.615,0,0.227333,29324.924,0.253553
34.6325,0,0.226778,29328.764,0.253599
34.65,0,0.226224,29332.594,0.253645
34.6675,0,0.22567,29336.413,0.253692
34.685,0,0.225116,29340.223,0.253738
34.7025,0,0.224562,29344.023,0.253785
34.72,0,0.224008,29347.812,0.253832
34.7375,0,0.223454,29351.592,0.253879
34.755,0,0.222901,29355.362,0.253926
34.7725,0,0.222347,29359.121,0.253973
34.79,0,0.221794,29362.871,0.254021
34.8075,0,0.221241,29366.61,0.254068
34.825,0,0.220687,29370.34,0.254116
34.8425,0,0.220134,29374.059,0.254164
34.86,0,0.219581,29377.769,0.254211
34.8775,0,0.219029,29381.468,0.25426
34.895,0,0.218476,29385.158,0.254308
34.9125,0,0.217923,29388.837,0.254356
34.93,0,0.217371,29392.507,0.254405
34.9475,0,0.216818,29396.166,0.254453
34.965,0,0.216266,29399.816,0.254502
34.9825,0,0.215714,29403.455,0.254551
35,0,0.215162,29407.084,0.2546
35.0175,0,0.21461,29410.704,0.25465
35.035,0,0.214058,29414.313,0.254699
35.0525,0,0.213507,29417.912,0.254749
35.07,0,0.212955,29421.502,0.254798
35.0875,0,0.212404,29425.081,0.254848
35.105,0,0.211852,29428.65,0.254898
35.1225,0,0.211301,29432.21,0.254949
35.14,0,0.21075,29435.759,0.254999
35.1575,0,0.210199,29439.298,0.255049
35.175,0,0.209649,29442.828,0.2551
35.1925,0,0.209098,29446.347,0.255151
35.21,0,0.208547,29449.856,0.255202
35.2275,0,0.207997,29453.356,0.255253
35.245,0,0.207447,29456.845,0.255305
35.2625,0,0.206897,29460.324,0.255356
35.28,0,0.206347,29463.793,0.255408
35.2975,0,0.205797,29467.253,0.25546
35.315,0,0.205247,29470.702,0.255512
35.3325,0,0.204697,29474.141,0.255564
35.35,0,0.204148,29477.571,0.255617
35.3675,0,0.203599,29480.99,0.255669
35.385,0,0.203049,29484.399,0.255722
35.4025,0,0.2025,29487.799,0.255775
35.42,0,0.201951,29491.188,0.255828
35.4375,0,0.201403,29494.567,0.255881
35.455,0,0.200854,29497.937,0.255935
35.4725,0,0.200306,29501.296,0.255989
35.49,0,0.199757,29504.645,0.256043
35.5075,0,0.199209,29507.985,0.256097
35.525,0,0.198661,29511.314,0.256151
35.5425,0,0.198113,29514.633,0.256206
35.56,0,0.197565,29517.943,0.25626
35.5775,0,0.197018,29521.242,0.256315
35.595,0,0.19647,29524.532,0.25637
35.6125,0,0.195923,29527.811,0.256426
35.63,0,0.195376,29531.081,0.256481
35.6475,0,0.194829,29534.34,0.256537
35.665,0,0.194282,29537.59,0.256593
35.6825,0,0.193735,29540.829,0.256649
35.7,0,0.193188,29544.059,0.256706
35.7175,0,0.192642,29547.278,0.256762
35.735,0,0.192096,29550.488,0.256819
35.7525,0,0.19155,29553.687,0.256876
35.77,0,0.191004,29556.877,0.256933
35.7875,0,0.190458,29560.057,0.256991
35.805,0,0.189912,29563.226,0.257049
35.8225,0,0.189367,29566.386,0.257107
35.84,0,0.188821,29569.536,0.257165
35.8575,0,0.188276,29572.676,0.257224
35.875,0,0.187731,29575.805,0.257282
35.8925,0,0.187187,29578.925,0.257341
35.91,0,0.186642,29582.035,0.2574
35.9275,0,0.186097,29585.135,0.25746
35.945,0,0.185553,29588.225,0.25752
35.9625,0,0.185009,29591.305,0.25758
35.98,0,0.184465,29594.375,0.25764
35.9975,0,0.183921,29597.435,0.2577
36.015,0,0.183378,29600.485,0.257761
36.0325,0,0.182834,29603.525,0.257822
36.05,0,0.182291,29606.555,0.257884
36.0675,0,0.181748,29609.575,0.257945
36.085,0,0.181205,29612.585,0.258007
36.1025,0,0.180662,29615.585,0.258069
36.12,0,0.18012,29618.576,0.258132
36.1375,0,0.179578,29621.556,0.258195
36.155,0,0.179035,29624.526,0.258258
36.1725,0,0.178493,29627.487,0.258321
36.19,0,0.177952,29630.437,0.258385
36.2075,0,0.17741,29633.377,0.258449
36.225,0,0.176869,29636.308,0.258513
36.2425,0,0.176328,29639.228,0.258578
36.26,0,0.175787,29642.139,0.258643
36.2775,0,0.175246,29645.039,0.258708
36.295,0,0.174705,29647.93,0.258773
36.3125,0,0.174165,29650.811,0.258839
36.33,0,0.173625,29653.681,0.258906
36.3475,0,0.173085,29656.542,0.258972
36.365,0,0.172545,29659.393,0.259039
36.3825,0,0.172005,29662.234,0.259107
36.4,0,0.171466,29665.065,0.259174
36.4175,0,0.170927,29667.886,0.259242
36.435,0,0.170388,29670.697,0.259311
36.4525,0,0.169849,29673.498,0.25938
36.47,0,0.169311,29676.289,0.259449
36.4875,0,0.168772,29679.07,0.259518
36.505,0,0.168234,29681.841,0.259588
36.5225,0,0.167696,29684.603,0.259659
36.54,0,0.167159,29687.354,0.259729
36.5575,0,0.166621,29690.095,0.2598
36.575,0,0.166084,29692.827,0.259872
36.5925,0,0.165547,29695.548,0.259944
36.61,0,0.165011,29698.26,0.260017
36.6275,0,0.164474,29700.961,0.260089
36.645,0,0.163938,29703.653,0.260163
36.6625,0,0.163402,29706.335,0.260237
36.68,0,0.162866,29709.006,0.260311
36.6975,0,0.162331,29711.668,0.260386
36.715,0,0.161796,29714.32,0.260461
36.7325,0,0.16126,29716.962,0.260536
36.75,0,0.160726,29719.594,0.260613
36.7675,0,0.160191,29722.216,0.260689
36.785,0,0.159657,29724.828,0.260766
36.8025,0,0.159123,29727.43,0.260844
36.82,0,0.158589,29730.022,0.260922
36.8375,0,0.158056,29732.605,0.261001
36.855,0,0.157523,29735.177,0.26108
36.8725,0,0.15699,29737.739,0.26116
36.89,0,0.156457,29740.292,0.261241
36.9075,0,0.155924,29742.835,0.261322
36.925,0,0.155392,29745.367,0.261403
36.9425,0,0.15486,29747.89,0.261486
36.96,0,0.154329,29750.403,0.261568
36.9775,0,0.153798,29752.905,0.261652
36.995,0,0.153267,29755.398,0.261736
37.0125,0,0.152736,29757.881,0.261821
37.03,0,0.152205,29760.354,0.261906
37.0475,0,0.151675,29762.817,0.261992
37.065,0,0.151145,29765.27,0.262079
37.0825,0,0.150616,29767.714,0.262166
37.1,0,0.150087,29770.147,0.262254
37.1175,0,0.149558,29772.57,0.262343
37.135,0,0.149029,29774.984,0.262432
37.1525,0,0.148501,29777.387,0.262523
37.17,0,0.147973,29779.781,0.262614
37.1875,0,0.147445,29782.165,0.262706
37.205,0,0.146918,29784.538,0.262798
37.2225,0,0.146391,29786.902,0.262892
37.24,0,0.145864,29789.256,0.262986
37.2575,0,0.145337,29791.6,0.263081
37.275,0,0.144811,29793.934,0.263177
37.2925,0,0.144286,29796.258,0.263274
37.31,0,0.14376,29798.572,0.263372
37.3275,0,0.143235,29800.877,0.263471
37.345,0,0.142711,29803.171,0.26357
37.3625,0,0.142186,29805.455,0.263671
37.38,0,0.141662,29807.73,0.263772
37.3975,0,0.141139,29809.994,0.263875
37.415,0,0.140615,29812.249,0.263979
37.4325,0,0.140092,29814.494,0.264083
37.45,0,0.13957,29816.729,0.264189
37.4675,0,0.139048,29818.954,0.264296
37.485,0,0.138526,29821.169,0.264404
37.5025,0,0.138005,29823.374,0.264513
37.52,0,0.137484,29825.569,0.264623
37.5375,0,0.136963,29827.754,0.264734
37.555,0,0.136443,29829.93,0.264847
37.5725,0,0.135923,29832.095,0.264961
37.59,0,0.135404,29834.25,0.265076
37.6075,0,0.134884,29836.396,0.265193
37.625,0,0.134366,29838.532,0.265311
37.6425,0,0.133848,29840.657,0.26543
37.66,0,0.13333,29842.773,0.26555
37.6775,0,0.132813,29844.879,0.265672
37.695,0,0.132296,29846.975,0.265796
37.7125,0,0.131779,29849.061,0.265921
37.73,0,0.131263,29851.138,0.266047
37.7475,0,0.130748,29853.204,0.266176
37.765,0,0.130232,29855.26,0.266305
37.7825,0,0.129718,29857.307,0.266437
37.8,0,0.129204,29859.343,0.26657
37.8175,0,0.12869,29861.37,0.266705
37.835,0,0.128177,29863.387,0.266841
37.8525,0,0.127664,29865.394,0.26698
37.87,0,0.127151,29867.391,0.26712
37.8875,0,0.12664,29869.378,0.267262
37.905,0,0.126128,29871.355,0.267407
37.9225,0,0.125617,29873.322,0.267553
37.94,0,0.125107,29875.279,0.267701
37.9575,0,0.124597,29877.227,0.267852
37.975,0,0.124088,29879.164,0.268004
37.9925,0,0.123579,29881.092,0.268159
38.01,0,0.123071,29883.01,0.268316
38.0275,0,0.122563,29884.917,0.268476
38.045,0,0.122056,29886.815,0.268637
38.0625,0,0.12155,29888.703,0.268802
38.08,0,0.121043,29890.581,0.268969
38.0975,0,0.120538,29892.45,0.269138
38.115,0,0.120033,29894.308,0.26931
38.1325,0,0.119529,29896.156,0.269485
38.15,0,0.119025,29897.995,0.269663
38.1675,0,0.118522,29899.823,0.269843
38.185,0,0.118019,29901.642,0.270027
38.2025,0,0.117517,29903.451,0.270214
38.22,0,0.117016,29905.25,0.270403
38.2375,0,0.116515,29907.039,0.270596
38.255,0,0.116015,29908.818,0.270793
38.2725,0,0.115516,29910.587,0.270992
38.29,0,0.115017,29912.347,0.271195
38.3075,0,0.114519,29914.096,0.271402
38.325,0,0.114021,29915.836,0.271612
38.3425,0,0.113524,29917.565,0.271826
38.36,0,0.113028,29919.285,0.272044
38.3775,0,0.112533,29920.995,0.272266
38.395,0,0.112038,29922.695,0.272492
38.4125,0,0.111544,29924.385,0.272723
38.43,0,0.111051,29926.065,0.272957
38.4475,0,0.110558,29927.735,0.273196
38.465,0,0.110066,29929.396,0.27344
38.4825,0,0.109575,29931.046,0.273688
38.5,0,0.109085,29932.687,0.273941
38.5175,0,0.108595,29934.317,0.274199
38.535,0,0.108106,29935.938,0.274462
38.5525,0,0.107618,29937.549,0.274731
38.57,0,0.107131,29939.15,0.275005
38.5875,0,0.106645,29940.741,0.275284
38.605,0,0.106159,29942.323,0.275569
38.6225,0,0.105674,29943.894,0.27586
38.64,0,0.10519,29945.455,0.276157
38.6575,0,0.104707,29947.007,0.27646
38.675,0,0.104225,29948.549,0.276769
38.6925,0,0.103743,29950.08,0.277085
38.71,0,0.103263,29951.602,0.277408
38.7275,0,0.102783,29953.114,0.277738
38.745,0,0.102305,29954.617,0.278075
38.7625,0,0.101827,29956.109,0.278419
38.78,0,0.10135,29957.591,0.278771
38.7975,0,0.100874,29959.064,0.27913
38.815,0,0.100399,29960.526,0.279498
38.8325,0,0.099925,29961.979,0.279873
38.85,0,0.099452,29963.422,0.280257
38.8675,0,0.098981,29964.855,0.28065
38.885,0,0.09851,29966.278,0.281052
38.9025,0,0.09804,29967.691,0.281463
38.92,0,0.097571,29969.094,0.281883
38.9375,0,0.097103,29970.488,0.282313
38.955,0,0.096636,29971.871,0.282753
38.9725,0,0.096171,29973.245,0.283204
38.99,0,0.095706,29974.609,0.283665
39.0075,0,0.095243,29975.963,0.284136
39.025,0,0.094781,29977.307,0.284619
39.0425,0,0.09432,29978.641,0.285114
39.06,0,0.09386,29979.965,0.285621
39.0775,0,0.093401,29981.279,0.286139
39.095,0,0.092944,29982.584,0.28667
39.1125,0,0.092487,29983.878,0.287215
39.13,0,0.092032,29985.163,0.287772
39.1475,0,0.091579,29986.438,0.288343
39.165,0,0.091126,29987.703,0.288928
39.1825,0,0.090675,29988.958,0.289528
39.2,0,0.090225,29990.203,0.290142
39.2175,0,0.089776,29991.438,0.290772
39.235,0,0.089329,29992.664,0.291424
39.2525,0,0.088884,29993.88,0.292097
39.27,0,0.088439,29995.085,0.292787
39.2875,0,0.087996,29996.281,0.293493
39.305,0,0.087555,29997.467,0.294217
39.3225,0,0.087115,29998.643,0.294959
39.34,0,0.086676,29999.809,0.295718
39.3575,0,0.086239,30000.965,0.296497
39.375,0,0.085804,30002.112,0.297295
39.3925,0,0.08537,30003.248,0.298112
39.41,0,0.084937,30004.375,0.29895
39.4275,0,0.084506,30005.492,0.299809
39.445,0,0.084077,30006.599,0.300689
39.4625,0,0.08365,30007.696,0.301591
39.48,0,0.083224,30008.783,0.302516
39.4975,0,0.0828,30009.86,0.303463
39.515,0,0.082377,30010.928,0.304435
39.5325,0,0.081957,30011.985,0.305431
39.55,0,0.081538,30013.033,0.306453
39.5675,0,0.081121,30014.071,0.3075
39.585,0,0.080706,30015.099,0.308574
39.6025,0,0.080292,30016.117,0.309675
39.62,0,0.079881,30017.125,0.310803
39.6375,0,0.079471,30018.123,0.311961
39.655,0,0.079064,30019.112,0.313147
39.6725,0,0.078658,30020.09,0.314364
39.69,0,0.078255,30021.059,0.315612
39.7075,0,0.077853,30022.018,0.316891
39.725,0,0.077454,30022.967,0.318203
39.7425,0,0.077056,30023.906,0.319549
39.76,0,0.076661,30024.835,0.320928
39.7775,0,0.076268,30025.755,0.322343
39.795,0,0.075877,30026.664,0.323793
39.8125,0,0.075489,30027.564,0.32528
39.83,0,0.075102,30028.453,0.326805
39.8475,0,0.074719,30029.333,0.328368
39.865,0,0.074337,30030.203,0.329971
39.8825,0,0.073958,30031.063,0.331615
39.9,0,0.073581,30031.914,0.3333
39.9175,0,0.073207,30032.754,0.335027
39.935,0,0.072835,30033.584,0.336798
39.9525,0,0.072465,30034.405,0.338613
39.97,0,0.072099,30035.216,0.340473
39.9875,0,0.071734,30036.017,0.34238
40.005,0,0.071373,30036.808,0.344334
40.0225,0,0.071014,30037.589,0.346337
40.04,0,0.070658,30038.36,0.348389
40.0575,0,0.070305,30039.122,0.350492
40.075,0,0.069954,30039.873,0.352647
40.0925,0,0.069607,30040.615,0.354855
40.11,0,0.069262,30041.347,0.357116
40.1275,0,0.06892,30042.069,0.359433
40.145,0,0.068581,30042.781,0.361805
40.1625,0,0.068246,30043.483,0.364235
40.18,0,0.067913,30044.175,0.366723
40.1975,0,0.067584,30044.858,0.369271
40.215,0,0.067257,30045.531,0.371879
40.2325,0,0.066934,30046.193,0.374549
40.25,0,0.066614,30046.846,0.377282
40.2675,0,0.066298,30047.489,0.380078
40.285,0,0.065984,30048.122,0.38294
40.3025,0,0.065674,30048.746,0.385867
40.32,0,0.065368,30049.359,0.388862
40.3375,0,0.065065,30049.963,0.391925
40.355,0,0.064766,30050.556,0.395058
40.3725,0,0.06447,30051.14,0.398261
40.39,0,0.064178,30051.714,0.401535
40.4075,0,0.06389,30052.278,0.404882
40.425,0,0.063605,30052.833,0.408302
40.4425,0,0.063324,30053.377,0.411797
40.46,0,0.063047,30053.911,0.415367
40.4775,0,0.062774,30054.436,0.419013
40.495,0,0.062505,30054.951,0.422737
40.5125,0,0.06224,30055.456,0.426539
40.53,0,0.061979,30055.951,0.430419
40.5475,0,0.061722,30056.436,0.434379
40.565,0,0.061469,30056.911,0.43842
40.5825,0,0.06122,30057.377,0.442542
40.6,0,0.060976,30057.833,0.446745
40.6175,0,0.060736,30058.278,0.451031
40.635,0,0.0605,30058.714,0.4554
40.6525,0,0.060269,30059.14,0.459852
40.67,0,0.060042,30059.556,0.464388
40.6875,0,0.05982,30059.963,0.469009
40.705,0,0.059602,30060.359,0.473714
40.7225,0,0.059389,30060.746,0.478503
40.74,0,0.05918,30061.122,0.483378
40.7575,0,0.058977,30061.489,0.488338
40.775,0,0.058778,30061.846,0.493382
40.7925,0,0.058583,30062.193,0.498513
40.81,0,0.058394,30062.531,0.503728
40.8275,0,0.05821,30062.858,0.509028
40.845,0,0.05803,30063.175,0.514412
40.8625,0,0.057856,30063.483,0.519881
40.88,0,0.057686,30063.781,0.525433
40.8975,0,0.057522,30064.069,0.531068
40.915,0,0.057362,30064.347,0.536786
40.9325,0,0.057208,30064.615,0.542586
40.95,0,0.057059,30064.874,0.548466
40.9675,0,0.056916,30065.122,0.554426
40.985,0,0.056777,30065.361,0.560464
41.0025,0,0.056644,30065.59,0.56658
41.02,0,0.056517,30065.809,0.572772
41.0375,0,0.056394,30066.018,0.579039
41.055,0,0.056277,30066.217,0.585379
41.0725,0,0.056166,30066.406,0.591791
41.09,0,0.05606,30066.586,0.598272
41.1075,0,0.05596,30066.755,0.604821
41.125,0,0.055865,30066.915,0.611436
41.1425,0,0.055776,30067.065,0.618115
41.16,0,0.055692,30067.205,0.624855
41.1775,0,0.055614,30067.336,0.631655
41.195,0,0.055542,30067.456,0.638511
41.2125,0,0.055475,30067.566,0.645421
41.23,0,0.055415,30067.667,0.652383
41.2475,0,0.055359,30067.758,0.659394
41.265,0,0.05531,30067.839,0.66645
41.2825,0,0.055266,30067.91,0.673549
41.3,0,0.055228,30067.971,0.680687
41.3175,0,0.055196,30068.022,0.687862
41.335,0,0.05517,30068.064,0.69507
41.3525,0,0.055149,30068.096,0.702308
41.37,0,0.055135,30068.117,0.709572
