Time (s),Altitude (m),Vertical velocity (m/s),Vertical acceleration (m/s²),Gravitational acceleration (m/s²),Mach number (​),Reynolds number (​),Thrust (N),Drag coefficient (​),Air pressure (mbar),Speed of sound (m/s)
0.01,-3.62E-04,-0.072,-7.247,9.792,0.006,3.46E+05,194.042,0.206,1013.25,340.389
0.02,-1.08E-04,-0.022,-2.157,9.792,0.005,3.44E+05,582.127,0.206,1013.25,340.389
0.03,1.47E-04,0.029,2.934,9.792,0.005,3.42E+05,970.212,0.206,1013.25,340.389
0.04,8.41E-04,0.11,8.025,9.792,0.005,3.40E+05,1358.296,0.207,1013.25,340.389
0.05,0.003,0.241,13.117,9.792,0.005,3.40E+05,1746.381,0.207,1013.25,340.389
0.06,0.006,0.435,19.401,9.792,0.005,3.43E+05,2225.147,0.206,1013.249,340.389
0.07,0.012,0.716,28.141,9.792,0.006,3.56E+05,2890.942,0.206,1013.249,340.389
0.08,0.021,1.12,40.409,9.792,0.006,3.87E+05,3825.218,0.204,1013.248,340.389
0.09,0.035,1.719,59.936,9.792,0.007,4.53E+05,5311.771,0.201,1013.246,340.389
0.1,0.056,2.469,74.96,9.792,0.009,5.57E+05,6454.245,0.198,1013.243,340.389
0.11,0.085,3.241,77.27,9.792,0.011,6.80E+05,6628.214,0.195,1013.24,340.389
0.12,0.121,4.034,79.31,9.792,0.013,8.13E+05,6781.601,0.192,1013.236,340.388
0.13,0.165,4.823,78.847,9.792,0.015,9.49E+05,6744.604,0.19,1013.231,340.388
0.14,0.217,5.6,77.774,9.792,0.017,1.09E+06,6661.297,0.188,1013.225,340.388
0.15,0.277,6.367,76.7,9.792,0.019,1.22E+06,6577.99,0.186,1013.217,340.388
0.16,0.345,7.123,75.625,9.792,0.022,1.36E+06,6494.683,0.185,1013.21,340.388
0.17,0.42,7.869,74.55,9.792,0.024,1.49E+06,6411.375,0.184,1013.201,340.387
0.18,0.502,8.603,73.473,9.792,0.026,1.62E+06,6328.068,0.183,1013.191,340.387
0.19,0.592,9.328,72.431,9.792,0.028,1.75E+06,6247.52,0.182,1013.181,340.387
0.2,0.689,10.047,71.96,9.792,0.03,1.88E+06,6210.503,0.181,1013.169,340.386
0.21,0.792,10.761,71.686,9.792,0.032,2.01E+06,6188.558,0.181,1013.157,340.386
0.219,0.895,11.424,71.421,9.792,0.034,2.13E+06,6167.39,0.18,1013.145,340.385
0.228,0.998,12.047,71.172,9.792,0.036,2.25E+06,6147.542,0.179,1013.133,340.385
0.236,1.1,12.636,70.936,9.792,0.037,2.36E+06,6128.786,0.179,1013.121,340.385
0.249,1.263,13.516,70.679,9.792,0.04,2.52E+06,6108.129,0.178,1013.102,340.384
0.267,1.528,14.839,70.884,9.792,0.044,2.76E+06,6121.902,0.177,1013.071,340.383
0.295,1.972,16.839,71.417,9.792,0.05,3.13E+06,6160.038,0.176,1013.019,340.381
0.337,2.743,19.873,72.243,9.792,0.059,3.69E+06,6219.622,0.175,1012.928,340.378
0.387,3.828,23.547,73.508,9.792,0.069,4.36E+06,6312.578,0.173,1012.801,340.374
0.437,5.099,27.291,74.895,9.792,0.08,5.05E+06,6415.965,0.172,1012.652,340.369
0.487,6.56,31.115,76.487,9.792,0.092,5.75E+06,6535.406,0.171,1012.481,340.363
0.537,8.213,35.038,78.432,9.792,0.103,6.48E+06,6682.8,0.171,1012.287,340.357
0.587,10.066,39.057,80.365,9.792,0.115,7.22E+06,6830.699,0.17,1012.069,340.349
0.637,12.121,43.157,81.972,9.792,0.127,7.97E+06,6954.851,0.17,1011.828,340.341
0.687,14.383,47.311,83.04,9.792,0.139,8.74E+06,7040.437,0.169,1011.563,340.332
0.737,16.854,51.517,84.077,9.792,0.151,9.51E+06,7125.486,0.169,1011.273,340.323
0.787,19.536,55.775,85.087,9.792,0.164,1.03E+07,7210.535,0.169,1010.959,340.312
0.837,22.432,60.079,85.997,9.792,0.177,1.11E+07,7290.255,0.169,1010.619,340.301
0.887,25.544,64.39,86.109,9.792,0.189,1.19E+07,7312.702,0.169,1010.254,340.288
0.937,28.871,68.694,85.979,9.792,0.202,1.27E+07,7319.607,0.169,1009.864,340.275
0.987,32.413,72.992,85.815,9.792,0.215,1.35E+07,7326.512,0.17,1009.448,340.261
1.037,36.17,77.28,85.616,9.792,0.227,1.42E+07,7333.417,0.17,1009.008,340.246
1.087,40.141,81.557,85.386,9.792,0.24,1.50E+07,7340.321,0.17,1008.542,340.231
1.137,44.326,85.823,85.121,9.792,0.252,1.58E+07,7347.226,0.171,1008.051,340.214
1.187,48.723,90.077,84.889,9.792,0.265,1.66E+07,7358.647,0.171,1007.536,340.197
1.237,53.334,94.33,84.861,9.792,0.277,1.74E+07,7385.657,0.172,1006.995,340.179
1.287,58.156,98.582,84.83,9.792,0.29,1.81E+07,7413.984,0.172,1006.429,340.16
1.337,63.192,102.832,84.784,9.792,0.303,1.89E+07,7442.312,0.173,1005.839,340.14
1.387,68.44,107.079,84.724,9.792,0.315,1.97E+07,7470.64,0.174,1005.223,340.119
1.437,73.9,111.323,84.619,9.792,0.328,2.05E+07,7498.967,0.175,1004.583,340.098
1.487,79.572,115.56,84.477,9.792,0.34,2.12E+07,7527.295,0.176,1003.918,340.075
1.537,85.456,119.788,84.266,9.792,0.353,2.20E+07,7552.735,0.176,1003.227,340.052
1.587,91.551,123.998,83.895,9.792,0.365,2.28E+07,7569.496,0.177,1002.513,340.028
1.637,97.855,128.188,83.484,9.792,0.377,2.35E+07,7585.671,0.178,1001.773,340.003
1.687,104.369,132.357,83.034,9.792,0.39,2.43E+07,7601.846,0.179,1001.009,339.978
1.737,111.091,136.502,82.538,9.792,0.402,2.50E+07,7618.02,0.181,1000.221,339.951
1.787,118.019,140.621,82.008,9.792,0.414,2.58E+07,7634.195,0.182,999.408,339.924
1.837,125.153,144.713,81.437,9.792,0.426,2.65E+07,7650.369,0.183,998.572,339.896
1.887,132.49,148.776,80.821,9.792,0.438,2.72E+07,7666.544,0.184,997.711,339.867
1.937,140.03,152.806,80.163,9.792,0.45,2.80E+07,7682.718,0.185,996.827,339.837
1.987,147.77,156.803,79.479,9.792,0.462,2.87E+07,7698.893,0.186,995.919,339.807
2.037,155.71,160.765,78.754,9.792,0.474,2.94E+07,7715.068,0.188,994.988,339.776
2.087,163.846,164.689,78,9.792,0.485,3.01E+07,7731.242,0.189,994.034,339.744
2.137,172.178,168.576,77.226,9.792,0.497,3.08E+07,7747.417,0.19,993.056,339.711
2.187,180.703,172.423,76.443,9.792,0.508,3.14E+07,7763.591,0.192,992.057,339.677
2.237,189.42,176.231,75.631,9.792,0.519,3.21E+07,7779.766,0.193,991.034,339.643
2.287,198.326,179.997,74.771,9.792,0.53,3.28E+07,7795.941,0.195,989.99,339.608
2.337,207.419,183.72,73.89,9.792,0.541,3.34E+07,7812.115,0.196,988.923,339.572
2.387,216.697,187.397,72.955,9.792,0.552,3.41E+07,7828.29,0.198,987.835,339.535
2.437,226.158,191.026,71.967,9.792,0.563,3.47E+07,7844.464,0.199,986.726,339.498
2.487,235.799,194.604,70.93,9.791,0.574,3.53E+07,7860.308,0.2,985.595,339.46
2.537,245.617,198.127,69.824,9.791,0.584,3.60E+07,7871.754,0.202,984.443,339.421
2.587,255.611,201.594,68.723,9.791,0.595,3.66E+07,7881.827,0.203,983.271,339.382
2.637,265.776,205.006,67.596,9.791,0.605,3.71E+07,7891.9,0.205,982.079,339.342
2.687,276.11,208.361,66.479,9.791,0.615,3.77E+07,7901.973,0.207,980.867,339.301
2.737,286.611,211.66,65.294,9.791,0.624,3.83E+07,7912.046,0.208,979.635,339.26
2.787,297.275,214.898,64.085,9.791,0.634,3.88E+07,7922.12,0.21,978.385,339.218
2.837,308.1,218.076,62.88,9.791,0.644,3.94E+07,7932.193,0.211,977.115,339.175
2.887,319.082,221.193,61.644,9.791,0.653,3.99E+07,7942.266,0.213,975.827,339.132
2.937,330.218,224.247,60.365,9.791,0.662,4.04E+07,7952.339,0.214,974.521,339.088
2.987,341.506,227.238,59.11,9.791,0.671,4.09E+07,7962.412,0.216,973.197,339.044
3.037,352.941,230.166,57.877,9.791,0.68,4.14E+07,7972.486,0.217,971.856,338.999
3.087,364.521,233.032,56.623,9.791,0.688,4.19E+07,7982.559,0.219,970.498,338.953
3.137,376.243,235.836,55.371,9.791,0.697,4.24E+07,7992.632,0.22,969.123,338.907
3.187,388.104,238.576,54.093,9.791,0.705,4.28E+07,8002.705,0.222,967.732,338.86
3.237,400.1,241.253,52.803,9.791,0.713,4.32E+07,8012.778,0.223,966.325,338.813
3.287,412.228,243.865,51.541,9.791,0.721,4.37E+07,8022.672,0.225,964.903,338.765
3.337,424.485,246.41,50.197,9.791,0.728,4.41E+07,8027.098,0.226,963.465,338.717
3.387,436.868,248.886,48.813,9.791,0.736,4.45E+07,8028.956,0.227,962.013,338.668
3.437,449.373,251.293,47.446,9.791,0.743,4.49E+07,8030.814,0.229,960.546,338.619
3.487,461.996,253.632,46.11,9.791,0.75,4.52E+07,8032.672,0.23,959.066,338.569
3.537,474.735,255.905,44.8,9.791,0.757,4.56E+07,8034.529,0.232,957.572,338.519
3.587,487.586,258.113,43.48,9.791,0.763,4.59E+07,8036.387,0.233,956.064,338.468
3.637,500.545,260.255,42.185,9.791,0.77,4.63E+07,8038.245,0.234,954.548,338.417
3.687,513.61,262.332,40.88,9.791,0.776,4.66E+07,8040.103,0.236,953.088,338.366
3.737,526.777,264.344,39.581,9.791,0.782,4.69E+07,8041.961,0.237,951.617,338.314
3.787,540.043,266.292,38.341,9.791,0.788,4.72E+07,8043.819,0.238,950.135,338.262
3.837,553.406,268.18,37.156,9.791,0.794,4.75E+07,8045.677,0.239,948.642,338.209
3.887,566.86,270.009,35.947,9.79,0.799,4.78E+07,8047.535,0.24,947.138,338.156
3.937,580.405,271.776,34.743,9.79,0.805,4.80E+07,8049.393,0.242,945.625,338.103
3.987,594.037,273.485,33.585,9.79,0.81,4.83E+07,8051.251,0.243,944.102,338.049
4.037,607.753,275.138,32.492,9.79,0.815,4.85E+07,8053.108,0.244,942.57,337.995
4.087,621.55,276.735,31.365,9.79,0.82,4.87E+07,8054.966,0.245,941.028,337.941
4.137,635.426,278.277,30.295,9.79,0.824,4.90E+07,8056.824,0.246,939.478,337.886
4.187,649.377,279.767,29.263,9.79,0.829,4.92E+07,8058.682,0.247,937.919,337.831
4.237,663.401,281.205,28.216,9.79,0.833,4.94E+07,8059.35,0.248,936.352,337.776
4.287,677.496,282.584,27.08,9.79,0.838,4.96E+07,8052.565,0.249,934.778,337.72
4.337,691.659,283.906,25.98,9.79,0.842,4.97E+07,8044.483,0.25,933.195,337.664
4.387,705.886,285.176,24.914,9.79,0.846,4.99E+07,8036.401,0.251,931.606,337.608
4.437,720.175,286.392,23.85,9.79,0.849,5.01E+07,8028.319,0.252,930.009,337.552
4.487,734.524,287.555,22.815,9.79,0.853,5.02E+07,8020.237,0.253,928.406,337.496
4.537,748.93,288.669,21.857,9.79,0.856,5.03E+07,8012.155,0.254,926.797,337.439
4.587,763.39,289.736,20.954,9.79,0.86,5.05E+07,8004.073,0.254,925.181,337.382
4.637,777.903,290.758,20.056,9.79,0.863,5.06E+07,7995.991,0.255,923.56,337.325
4.687,792.465,291.735,19.165,9.79,0.866,5.07E+07,7987.91,0.256,921.933,337.267
4.737,807.076,292.668,18.29,9.79,0.869,5.08E+07,7979.828,0.257,920.3,337.21
4.787,821.731,293.559,17.505,9.79,0.872,5.09E+07,7971.746,0.257,918.663,337.152
4.837,836.431,294.409,16.688,9.79,0.874,5.10E+07,7960.731,0.258,917.021,337.094
4.887,851.172,295.217,15.818,9.79,0.877,5.11E+07,7946.891,0.259,915.374,337.036
4.937,865.952,295.981,14.993,9.79,0.879,5.11E+07,7933.051,0.259,913.722,336.978
4.987,880.769,296.706,14.275,9.79,0.882,5.12E+07,7919.211,0.26,912.067,336.92
5.037,895.622,297.397,13.536,9.789,0.884,5.13E+07,7905.371,0.261,910.407,336.861
5.087,910.508,298.05,12.823,9.789,0.886,5.13E+07,7891.531,0.261,908.744,336.802
5.137,925.426,298.668,12.125,9.789,0.888,5.14E+07,7877.691,0.262,907.078,336.744
5.187,940.374,299.253,11.509,9.789,0.89,5.14E+07,7863.851,0.262,905.407,336.685
5.237,955.351,299.808,10.924,9.789,0.892,5.14E+07,7850.282,0.263,903.734,336.626
5.287,970.354,300.335,10.335,9.789,0.893,5.15E+07,7837.717,0.263,902.058,336.567
5.337,985.384,300.832,9.766,9.789,0.895,5.15E+07,7825.246,0.264,900.379,336.507
5.387,1000.437,301.302,9.266,9.789,0.896,5.15E+07,7812.775,0.264,898.699,336.448
5.437,1015.513,301.748,8.778,9.789,0.898,5.15E+07,7800.304,0.264,897.096,336.389
5.487,1030.611,302.169,8.291,9.789,0.899,5.15E+07,7787.833,0.265,895.49,336.329
5.537,1045.73,302.568,7.842,9.789,0.901,5.15E+07,7775.362,0.265,893.881,336.27
5.587,1060.868,302.945,7.421,9.789,0.902,5.15E+07,7762.891,0.265,892.271,336.21
5.637,1076.024,303.301,7.036,9.789,0.903,5.15E+07,7750.42,0.266,890.659,336.15
5.687,1091.197,303.639,6.68,9.789,0.904,5.15E+07,7738.321,0.266,889.045,336.091
5.737,1106.387,303.964,6.445,9.789,0.905,5.15E+07,7731.165,0.266,887.429,336.031
5.787,1121.593,304.279,6.233,9.789,0.907,5.15E+07,7725.552,0.266,885.812,335.971
5.837,1136.815,304.582,5.989,9.789,0.908,5.15E+07,7719.939,0.267,884.192,335.911
5.887,1152.051,304.872,5.733,9.789,0.909,5.15E+07,7714.327,0.267,882.572,335.851
5.937,1167.302,305.152,5.627,9.789,0.91,5.15E+07,7708.714,0.267,880.95,335.791
5.987,1182.566,305.427,5.412,9.789,0.911,5.15E+07,7702.957,0.267,879.326,335.731
6.037,1197.844,305.681,5.015,9.789,0.912,5.14E+07,7686.66,0.268,877.701,335.671
6.087,1213.134,305.91,4.586,9.788,0.913,5.14E+07,7663.84,0.268,876.074,335.61
6.137,1228.435,306.117,4.145,9.788,0.913,5.14E+07,7641.021,0.268,874.447,335.55
6.187,1243.745,306.306,3.766,9.788,0.914,5.14E+07,7618.201,0.268,872.818,335.49
6.237,1259.065,306.476,3.371,9.788,0.915,5.13E+07,7595.382,0.268,871.189,335.429
6.287,1274.392,306.624,2.991,9.788,0.915,5.13E+07,7572.563,0.268,869.558,335.369
6.337,1289.727,306.755,2.662,9.788,0.916,5.12E+07,7549.743,0.269,867.927,335.309
6.387,1305.067,306.871,2.339,9.788,0.916,5.12E+07,7526.924,0.269,866.295,335.248
6.437,1320.413,306.97,2.022,9.788,0.917,5.11E+07,7503.705,0.269,864.663,335.188
6.487,1335.764,307.05,1.677,9.788,0.917,5.11E+07,7477.989,0.269,863.03,335.127
6.537,1351.118,307.114,1.353,9.788,0.918,5.10E+07,7451.838,0.269,861.397,335.067
6.587,1366.475,307.163,1.041,9.788,0.918,5.10E+07,7425.687,0.269,859.763,335.006
6.637,1381.834,307.194,0.675,9.788,0.918,5.09E+07,7399.536,0.269,858.13,334.946
6.687,1397.194,307.208,0.402,9.788,0.918,5.09E+07,7373.385,0.269,856.496,334.885
6.737,1412.554,307.21,0.152,9.788,0.919,5.08E+07,7347.234,0.269,854.862,334.825
6.787,1427.914,307.199,-0.161,9.788,0.919,5.07E+07,7321.083,0.269,853.228,334.764
6.837,1443.274,307.174,-0.364,9.788,0.919,5.07E+07,7294.932,0.269,851.594,334.704
6.887,1458.632,307.139,-0.59,9.788,0.919,5.06E+07,7268.781,0.269,849.96,334.643
6.937,1473.987,307.092,-0.872,9.788,0.919,5.05E+07,7242.626,0.269,848.327,334.583
6.987,1489.34,307.032,-1.092,9.788,0.919,5.05E+07,7216.404,0.269,846.694,334.522
7.037,1504.69,306.96,-1.261,9.788,0.919,5.04E+07,7190.159,0.269,845.085,334.462
7.087,1520.036,306.88,-1.48,9.788,0.919,5.03E+07,7163.913,0.269,843.532,334.401
7.137,1535.378,306.79,-1.677,9.788,0.919,5.02E+07,7137.667,0.269,841.979,334.341
7.187,1550.715,306.69,-1.851,9.787,0.919,5.02E+07,7111.422,0.269,840.427,334.281
7.237,1566.046,306.581,-2.076,9.787,0.918,5.01E+07,7085.176,0.269,838.875,334.22
7.287,1581.372,306.462,-2.193,9.787,0.918,5.00E+07,7058.93,0.269,837.324,334.16
7.337,1596.692,306.336,-2.357,9.787,0.918,4.99E+07,7032.685,0.269,835.773,334.1
7.387,1612.006,306.201,-2.537,9.787,0.918,4.98E+07,7006.438,0.269,834.223,334.039
7.437,1627.312,306.047,-2.876,9.787,0.917,4.97E+07,6967.231,0.269,832.674,333.979
7.487,1642.609,305.864,-3.472,9.787,0.917,4.97E+07,6915.533,0.269,831.126,333.919
7.537,1657.897,305.652,-4.06,9.787,0.917,4.96E+07,6863.835,0.269,829.578,333.858
7.587,1673.174,305.411,-4.571,9.787,0.916,4.95E+07,6812.138,0.269,828.032,333.798
7.637,1688.438,305.146,-5.05,9.787,0.915,4.94E+07,6760.44,0.269,826.487,333.738
7.687,1703.687,304.824,-6.16,9.787,0.915,4.92E+07,6673.3,0.268,824.944,333.678
7.737,1718.917,304.391,-8.34,9.787,0.913,4.91E+07,6524.444,0.268,823.402,333.618
7.787,1734.123,303.85,-10.459,9.787,0.912,4.90E+07,6374.473,0.268,821.863,333.558
7.837,1749.299,303.201,-12.565,9.787,0.91,4.88E+07,6218.711,0.267,820.327,333.498
7.887,1764.439,302.393,-15.625,9.787,0.908,4.86E+07,6000.709,0.267,818.795,333.439
7.937,1779.527,301.173,-23.742,9.787,0.904,4.84E+07,5503.977,0.266,817.267,333.379
7.987,1794.529,298.907,-44.003,9.787,0.898,4.79E+07,4308.986,0.265,815.749,333.32
8.037,1809.39,295.564,-64.979,9.787,0.888,4.73E+07,3014.27,0.262,814.245,333.262
8.087,1824.061,291.317,-82.619,9.787,0.875,4.66E+07,1849.181,0.259,812.76,333.204
8.137,1838.506,286.516,-93.526,9.787,0.861,4.58E+07,1016.648,0.255,811.298,333.147
8.187,1852.705,281.482,-98.135,9.787,0.846,4.49E+07,510.812,0.252,809.861,333.091
8.237,1866.653,276.476,-97.664,9.786,0.831,4.41E+07,278.801,0.248,808.449,333.036
8.287,1880.354,271.623,-94.859,9.786,0.817,4.33E+07,188.954,0.245,807.062,332.982
8.337,1893.817,266.911,-92.168,9.786,0.803,4.25E+07,110.022,0.242,805.699,332.929
8.387,1906.925,262.374,-89.651,9.786,0.789,4.17E+07,36.56,0.239,804.373,332.878
8.437,1919.932,257.95,-86.627,9.786,0.776,4.09E+07,0,0.236,803.056,332.826
8.487,1932.723,253.706,-83.219,9.786,0.763,4.02E+07,0,0.234,801.762,332.776
8.537,1945.305,249.625,-80.067,9.786,0.751,3.95E+07,0,0.231,800.488,332.726
8.587,1957.688,245.695,-77.12,9.786,0.739,3.89E+07,0,0.229,799.235,332.678
8.637,1969.877,241.909,-74.353,9.786,0.728,3.82E+07,0,0.227,798.001,332.63
8.687,1981.881,238.257,-71.771,9.786,0.717,3.76E+07,0,0.225,796.786,332.582
8.737,1993.705,234.729,-69.395,9.786,0.707,3.70E+07,0,0.223,795.589,332.536
8.787,2005.356,231.316,-67.126,9.786,0.697,3.64E+07,0,0.221,794.437,332.49
8.837,2016.839,228.015,-64.957,9.786,0.687,3.59E+07,0,0.219,793.331,332.445
8.887,2028.159,224.818,-62.969,9.786,0.677,3.54E+07,0,0.218,792.242,332.4
8.937,2039.322,221.716,-61.111,9.786,0.668,3.48E+07,0,0.216,791.167,332.356
8.987,2050.332,218.704,-59.36,9.786,0.659,3.43E+07,0,0.215,790.107,332.313
9.037,2061.194,215.779,-57.641,9.786,0.65,3.39E+07,0,0.213,789.062,332.27
9.087,2071.912,212.939,-55.991,9.786,0.642,3.34E+07,0,0.212,788.03,332.228
9.137,2082.489,210.178,-54.456,9.786,0.634,3.29E+07,0,0.21,787.012,332.186
9.187,2092.931,207.491,-53.071,9.786,0.626,3.25E+07,0,0.209,786.007,332.145
9.237,2103.239,204.871,-51.716,9.786,0.618,3.20E+07,0,0.208,785.015,332.104
9.287,2113.419,202.318,-50.397,9.786,0.61,3.16E+07,0,0.207,784.035,332.064
9.337,2123.472,199.83,-49.141,9.786,0.603,3.12E+07,0,0.206,783.067,332.025
9.387,2133.403,197.403,-47.96,9.786,0.595,3.08E+07,0,0.205,782.112,331.985
9.437,2143.213,195.033,-46.82,9.786,0.588,3.04E+07,0,0.204,781.167,331.947
9.487,2152.907,192.72,-45.747,9.786,0.581,3.00E+07,0,0.203,780.234,331.909
9.537,2162.486,190.458,-44.718,9.786,0.575,2.96E+07,0,0.202,779.312,331.871
9.587,2171.954,188.247,-43.718,9.786,0.568,2.93E+07,0,0.201,778.401,331.834
9.637,2181.312,186.086,-42.743,9.786,0.562,2.89E+07,0,0.2,777.5,331.797
9.687,2190.563,183.972,-41.819,9.785,0.555,2.86E+07,0,0.199,776.61,331.76
9.737,2199.71,181.903,-40.961,9.785,0.549,2.82E+07,0,0.198,775.729,331.724
9.787,2208.754,179.875,-40.139,9.785,0.543,2.79E+07,0,0.197,774.859,331.689
9.837,2217.698,177.889,-39.329,9.785,0.537,2.76E+07,0,0.197,773.998,331.653
9.887,2226.544,175.942,-38.531,9.785,0.531,2.72E+07,0,0.196,773.146,331.619
9.937,2235.293,174.034,-37.794,9.785,0.526,2.69E+07,0,0.195,772.304,331.584
9.987,2243.948,172.163,-37.067,9.785,0.52,2.66E+07,0,0.194,771.471,331.55
10.037,2252.51,170.327,-36.365,9.785,0.515,2.63E+07,0,0.194,770.647,331.516
10.087,2260.981,168.525,-35.695,9.785,0.509,2.60E+07,0,0.193,769.832,331.483
10.137,2269.363,166.757,-35.044,9.785,0.504,2.57E+07,0,0.192,769.025,331.45
10.187,2277.657,165.02,-34.434,9.785,0.499,2.54E+07,0,0.192,768.227,331.417
10.237,2285.865,163.313,-33.853,9.785,0.494,2.52E+07,0,0.191,767.437,331.385
10.287,2293.989,161.635,-33.274,9.785,0.489,2.49E+07,0,0.191,766.655,331.353
10.337,2302.029,159.985,-32.697,9.785,0.484,2.46E+07,0,0.19,765.881,331.321
10.387,2309.988,158.365,-32.134,9.785,0.479,2.44E+07,0,0.19,765.115,331.29
10.437,2317.866,156.772,-31.591,9.785,0.474,2.41E+07,0,0.189,764.356,331.259
10.487,2325.665,155.205,-31.104,9.785,0.469,2.38E+07,0,0.188,763.606,331.228
10.537,2333.387,153.662,-30.63,9.785,0.465,2.36E+07,0,0.188,762.862,331.198
10.587,2341.032,152.142,-30.148,9.785,0.46,2.33E+07,0,0.187,762.127,331.168
10.637,2348.602,150.646,-29.687,9.785,0.456,2.31E+07,0,0.187,761.398,331.138
10.687,2356.097,149.173,-29.243,9.785,0.451,2.29E+07,0,0.187,760.676,331.108
10.737,2363.519,147.722,-28.807,9.785,0.447,2.26E+07,0,0.186,759.962,331.079
10.787,2370.87,146.292,-28.375,9.785,0.443,2.24E+07,0,0.186,759.255,331.05
10.837,2378.149,144.884,-27.949,9.785,0.438,2.22E+07,0,0.185,758.554,331.021
10.887,2385.358,143.498,-27.515,9.785,0.434,2.19E+07,0,0.185,757.86,330.993
10.937,2392.499,142.132,-27.131,9.785,0.43,2.17E+07,0,0.184,757.173,330.965
10.987,2399.572,140.784,-26.769,9.785,0.426,2.15E+07,0,0.184,756.492,330.937
11.037,2406.578,139.454,-26.433,9.785,0.422,2.13E+07,0,0.184,755.818,330.909
11.087,2413.518,138.141,-26.086,9.785,0.418,2.11E+07,0,0.183,755.15,330.882
11.137,2420.392,136.846,-25.749,9.785,0.414,2.09E+07,0,0.183,754.488,330.855
11.187,2427.202,135.567,-25.406,9.785,0.41,2.06E+07,0,0.183,753.832,330.828
11.237,2433.949,134.305,-25.068,9.785,0.407,2.04E+07,0,0.182,753.183,330.802
11.287,2440.633,133.06,-24.74,9.785,0.403,2.02E+07,0,0.182,752.54,330.775
11.337,2447.255,131.83,-24.431,9.785,0.399,2.00E+07,0,0.182,751.902,330.749
11.387,2453.816,130.617,-24.126,9.785,0.396,1.98E+07,0,0.181,751.271,330.723
11.437,2460.317,129.418,-23.814,9.785,0.392,1.97E+07,0,0.181,750.645,330.698
11.487,2466.759,128.235,-23.522,9.785,0.389,1.95E+07,0,0.181,750.025,330.672
11.537,2473.141,127.066,-23.251,9.785,0.385,1.93E+07,0,0.18,749.411,330.647
11.587,2479.465,125.909,-22.996,9.785,0.382,1.91E+07,0,0.18,748.802,330.622
11.637,2485.732,124.766,-22.745,9.785,0.378,1.89E+07,0,0.18,748.199,330.598
11.687,2491.942,123.635,-22.478,9.785,0.375,1.87E+07,0,0.18,747.601,330.573
11.737,2498.096,122.518,-22.211,9.785,0.371,1.86E+07,0,0.179,747.009,330.549
11.787,2504.194,121.414,-21.955,9.785,0.368,1.84E+07,0,0.179,746.442,330.525
11.837,2510.237,120.322,-21.708,9.784,0.365,1.82E+07,0,0.179,745.889,330.501
11.887,2516.227,119.243,-21.469,9.784,0.362,1.80E+07,0,0.179,745.341,330.477
11.937,2522.162,118.175,-21.248,9.784,0.358,1.79E+07,0,0.178,744.798,330.454
11.987,2528.044,117.118,-21.026,9.784,0.355,1.77E+07,0,0.178,744.26,330.431
12.037,2533.874,116.073,-20.789,9.784,0.352,1.75E+07,0,0.178,743.726,330.408
12.087,2539.652,115.039,-20.574,9.784,0.349,1.74E+07,0,0.178,743.198,330.385
12.137,2545.378,114.015,-20.378,9.784,0.346,1.72E+07,0,0.177,742.674,330.363
12.187,2551.053,113.001,-20.192,9.784,0.343,1.70E+07,0,0.177,742.155,330.34
12.237,2556.678,111.996,-20.008,9.784,0.34,1.69E+07,0,0.177,741.64,330.318
12.287,2562.253,111,-19.821,9.784,0.337,1.67E+07,0,0.177,741.13,330.296
12.337,2567.778,110.014,-19.617,9.784,0.334,1.66E+07,0,0.177,740.625,330.274
12.387,2573.255,109.039,-19.394,9.784,0.331,1.64E+07,0,0.176,740.124,330.253
12.437,2578.682,108.074,-19.18,9.784,0.328,1.63E+07,0,0.176,739.627,330.231
12.487,2584.062,107.12,-18.997,9.784,0.325,1.61E+07,0,0.176,739.135,330.21
12.537,2589.395,106.175,-18.815,9.784,0.322,1.60E+07,0,0.176,738.647,330.189
12.587,2594.68,105.238,-18.644,9.784,0.319,1.58E+07,0,0.176,738.164,330.168
12.637,2599.919,104.31,-18.504,9.784,0.317,1.57E+07,0,0.176,737.685,330.148
12.687,2605.111,103.388,-18.363,9.784,0.314,1.55E+07,0,0.175,737.21,330.127
12.737,2610.258,102.474,-18.21,9.784,0.311,1.54E+07,0,0.175,736.739,330.107
12.787,2615.359,101.567,-18.061,9.784,0.308,1.52E+07,0,0.175,736.272,330.087
12.837,2620.414,100.668,-17.902,9.784,0.306,1.51E+07,0,0.175,735.81,330.067
12.887,2625.425,99.777,-17.731,9.784,0.303,1.50E+07,0,0.175,735.351,330.047
12.937,2630.392,98.895,-17.561,9.784,0.3,1.48E+07,0,0.175,734.897,330.028
12.987,2635.315,98.021,-17.396,9.784,0.298,1.47E+07,0,0.174,734.447,330.008
13.037,2640.194,97.155,-17.251,9.784,0.295,1.45E+07,0,0.174,734,329.989
13.087,2645.031,96.296,-17.114,9.784,0.292,1.44E+07,0,0.174,733.558,329.97
13.137,2649.824,95.443,-16.982,9.784,0.29,1.43E+07,0,0.174,733.119,329.951
13.187,2654.575,94.597,-16.854,9.784,0.287,1.42E+07,0,0.174,732.685,329.933
13.237,2659.284,93.758,-16.727,9.784,0.285,1.40E+07,0,0.174,732.254,329.914
13.287,2663.951,92.924,-16.61,9.784,0.282,1.39E+07,0,0.174,731.827,329.896
13.337,2668.576,92.097,-16.492,9.784,0.28,1.38E+07,0,0.174,731.404,329.877
13.387,2673.161,91.275,-16.367,9.784,0.277,1.36E+07,0,0.173,730.985,329.859
13.437,2677.704,90.46,-16.233,9.784,0.275,1.35E+07,0,0.173,730.569,329.841
13.487,2682.207,89.652,-16.1,9.784,0.272,1.34E+07,0,0.173,730.157,329.824
13.537,2686.669,88.85,-15.976,9.784,0.27,1.33E+07,0,0.173,729.749,329.806
13.587,2691.092,88.054,-15.861,9.784,0.268,1.31E+07,0,0.173,729.344,329.789
13.637,2695.475,87.264,-15.73,9.784,0.265,1.30E+07,0,0.173,728.943,329.771
13.687,2699.819,86.481,-15.603,9.784,0.263,1.29E+07,0,0.173,728.546,329.754
13.737,2704.123,85.704,-15.487,9.784,0.261,1.28E+07,0,0.173,728.152,329.737
13.787,2708.389,84.932,-15.385,9.784,0.258,1.27E+07,0,0.173,727.762,329.721
13.837,2712.616,84.165,-15.289,9.784,0.256,1.25E+07,0,0.173,727.375,329.704
13.887,2716.806,83.403,-15.203,9.784,0.254,1.24E+07,0,0.172,726.992,329.687
13.937,2720.957,82.645,-15.107,9.784,0.251,1.23E+07,0,0.172,726.612,329.671
13.987,2725.07,81.892,-15.02,9.784,0.249,1.22E+07,0,0.172,726.236,329.655
14.037,2729.146,81.143,-14.943,9.784,0.247,1.21E+07,0,0.172,725.863,329.639
14.087,2733.185,80.398,-14.864,9.784,0.245,1.20E+07,0,0.172,725.494,329.623
14.137,2737.186,79.657,-14.764,9.784,0.242,1.18E+07,0,0.172,725.128,329.607
14.187,2741.15,78.922,-14.65,9.784,0.24,1.17E+07,0,0.172,724.765,329.592
14.237,2745.078,78.192,-14.544,9.784,0.238,1.16E+07,0,0.172,724.406,329.576
14.287,2748.97,77.467,-14.444,9.784,0.236,1.15E+07,0,0.172,724.05,329.561
14.337,2752.825,76.748,-14.336,9.784,0.234,1.14E+07,0,0.172,723.697,329.546
14.387,2756.645,76.034,-14.232,9.784,0.232,1.13E+07,0,0.172,723.347,329.53
14.437,2760.429,75.324,-14.142,9.784,0.229,1.12E+07,0,0.172,723.001,329.516
14.487,2764.177,74.619,-14.054,9.784,0.227,1.11E+07,0,0.172,722.658,329.501
14.537,2767.891,73.919,-13.983,9.784,0.225,1.10E+07,0,0.172,722.319,329.486
14.587,2771.569,73.221,-13.911,9.784,0.223,1.09E+07,0,0.172,721.982,329.472
14.637,2775.213,72.528,-13.829,9.784,0.221,1.08E+07,0,0.171,721.649,329.457
14.687,2778.822,71.838,-13.756,9.784,0.219,1.06E+07,0,0.171,721.319,329.443
14.737,2782.397,71.152,-13.682,9.784,0.217,1.05E+07,0,0.171,720.992,329.429
14.787,2785.937,70.47,-13.603,9.784,0.215,1.04E+07,0,0.171,720.668,329.415
14.837,2789.444,69.791,-13.539,9.784,0.213,1.03E+07,0,0.171,720.347,329.401
14.887,2792.916,69.116,-13.474,9.784,0.211,1.02E+07,0,0.171,720.029,329.388
14.937,2796.355,68.444,-13.397,9.784,0.209,1.01E+07,0,0.171,719.715,329.374
14.987,2799.761,67.776,-13.318,9.784,0.207,1.00E+07,0,0.171,719.403,329.361
15.037,2803.133,67.112,-13.239,9.784,0.205,9.93E+06,0,0.171,719.095,329.347
15.087,2806.472,66.452,-13.167,9.784,0.203,9.83E+06,0,0.171,718.789,329.334
15.137,2809.778,65.796,-13.103,9.784,0.201,9.73E+06,0,0.171,718.487,329.321
15.187,2813.052,65.142,-13.042,9.784,0.199,9.63E+06,0,0.171,718.187,329.308
15.237,2816.293,64.491,-12.979,9.784,0.197,9.53E+06,0,0.171,717.891,329.296
15.287,2819.501,63.844,-12.922,9.784,0.195,9.43E+06,0,0.171,717.597,329.283
15.337,2822.677,63.2,-12.851,9.784,0.193,9.34E+06,0,0.171,717.307,329.27
15.387,2825.821,62.558,-12.798,9.784,0.191,9.24E+06,0,0.171,717.019,329.258
15.437,2828.933,61.92,-12.734,9.783,0.189,9.14E+06,0,0.171,716.735,329.246
15.487,2832.013,61.285,-12.662,9.783,0.187,9.05E+06,0,0.171,716.453,329.234
15.537,2835.061,60.654,-12.594,9.783,0.185,8.95E+06,0,0.171,716.174,329.222
15.587,2838.078,60.026,-12.522,9.783,0.183,8.86E+06,0,0.171,715.898,329.21
15.637,2841.064,59.401,-12.461,9.783,0.181,8.76E+06,0,0.171,715.625,329.198
15.687,2844.019,58.78,-12.4,9.783,0.179,8.67E+06,0,0.171,715.355,329.186
15.737,2846.942,58.161,-12.335,9.783,0.178,8.58E+06,0,0.171,715.087,329.175
15.787,2849.835,57.546,-12.276,9.783,0.176,8.49E+06,0,0.171,714.822,329.163
15.837,2852.697,56.933,-12.233,9.783,0.174,8.39E+06,0,0.171,714.561,329.152
15.887,2855.528,56.323,-12.193,9.783,0.172,8.30E+06,0,0.171,714.302,329.141
15.937,2858.329,55.714,-12.14,9.783,0.17,8.21E+06,0,0.171,714.045,329.13
15.987,2861.1,55.109,-12.091,9.783,0.168,8.12E+06,0,0.171,713.792,329.119
16.037,2863.84,54.505,-12.059,9.783,0.166,8.03E+06,0,0.171,713.541,329.108
16.087,2866.55,53.903,-12.008,9.783,0.165,7.94E+06,0,0.171,713.293,329.098
16.137,2869.23,53.304,-11.954,9.783,0.163,7.85E+06,0,0.171,713.048,329.087
16.187,2871.881,52.708,-11.915,9.783,0.161,7.76E+06,0,0.171,712.806,329.077
16.237,2874.501,52.113,-11.871,9.783,0.159,7.68E+06,0,0.171,712.566,329.066
16.287,2877.092,51.52,-11.827,9.783,0.157,7.59E+06,0,0.171,712.329,329.056
16.337,2879.653,50.93,-11.779,9.783,0.156,7.50E+06,0,0.171,712.095,329.046
16.387,2882.185,50.343,-11.724,9.783,0.154,7.42E+06,0,0.171,711.863,329.036
16.437,2884.687,49.757,-11.686,9.783,0.152,7.33E+06,0,0.171,711.634,329.026
16.487,2887.161,49.174,-11.639,9.783,0.15,7.24E+06,0,0.171,711.408,329.016
16.537,2889.605,48.593,-11.594,9.783,0.149,7.16E+06,0,0.171,711.184,329.007
16.587,2892.02,48.015,-11.553,9.783,0.147,7.07E+06,0,0.171,710.963,328.997
16.637,2894.406,47.438,-11.512,9.783,0.145,6.98E+06,0,0.171,710.745,328.988
16.687,2896.764,46.864,-11.467,9.783,0.143,6.90E+06,0,0.171,710.529,328.979
16.737,2899.093,46.291,-11.422,9.783,0.142,6.81E+06,0,0.171,710.316,328.969
16.787,2901.393,45.721,-11.379,9.783,0.14,6.73E+06,0,0.171,710.106,328.96
16.837,2903.665,45.154,-11.333,9.783,0.138,6.65E+06,0,0.171,709.898,328.951
16.887,2905.909,44.588,-11.29,9.783,0.137,6.56E+06,0,0.171,709.693,328.943
16.937,2908.124,44.025,-11.252,9.783,0.135,6.48E+06,0,0.171,709.49,328.934
16.987,2910.311,43.463,-11.22,9.783,0.133,6.40E+06,0,0.172,709.29,328.925
17.037,2912.47,42.903,-11.18,9.783,0.131,6.31E+06,0,0.172,709.093,328.917
17.087,2914.601,42.345,-11.145,9.783,0.13,6.23E+06,0,0.172,708.898,328.908
17.137,2916.705,41.788,-11.115,9.783,0.128,6.15E+06,0,0.172,708.705,328.9
17.187,2918.78,41.233,-11.083,9.783,0.126,6.06E+06,0,0.172,708.515,328.892
17.237,2920.828,40.68,-11.045,9.783,0.125,5.98E+06,0,0.172,708.328,328.884
17.287,2922.848,40.129,-11.004,9.783,0.123,5.90E+06,0,0.172,708.143,328.876
17.337,2924.841,39.579,-10.969,9.783,0.121,5.82E+06,0,0.172,707.961,328.868
17.387,2926.806,39.032,-10.936,9.783,0.12,5.74E+06,0,0.172,707.781,328.86
17.437,2928.744,38.486,-10.904,9.783,0.118,5.66E+06,0,0.172,707.604,328.853
17.487,2930.655,37.941,-10.874,9.783,0.116,5.58E+06,0,0.172,707.429,328.845
17.537,2932.538,37.398,-10.845,9.783,0.115,5.50E+06,0,0.172,707.257,328.838
17.587,2934.395,36.857,-10.813,9.783,0.113,5.42E+06,0,0.172,707.087,328.83
17.637,2936.224,36.317,-10.78,9.783,0.112,5.35E+06,0,0.172,706.92,328.823
17.687,2938.026,35.779,-10.743,9.783,0.11,5.27E+06,0,0.172,706.755,328.816
17.737,2939.802,35.243,-10.71,9.783,0.108,5.19E+06,0,0.173,706.592,328.809
17.787,2941.551,34.708,-10.682,9.783,0.107,5.12E+06,0,0.173,706.432,328.802
17.837,2943.273,34.174,-10.665,9.783,0.105,5.04E+06,0,0.173,706.275,328.795
17.887,2944.968,33.642,-10.634,9.783,0.104,4.96E+06,0,0.173,706.12,328.789
17.937,2946.637,33.111,-10.607,9.783,0.102,4.88E+06,0,0.173,705.967,328.782
17.987,2948.279,32.581,-10.579,9.783,0.101,4.81E+06,0,0.173,705.817,328.776
18.037,2949.895,32.052,-10.567,9.783,0.099,4.73E+06,0,0.173,705.669,328.769
18.087,2951.485,31.525,-10.543,9.783,0.097,4.65E+06,0,0.173,705.524,328.763
18.137,2953.048,30.998,-10.535,9.783,0.096,4.57E+06,0,0.173,705.381,328.757
18.187,2954.584,30.471,-10.515,9.783,0.094,4.50E+06,0,0.173,705.24,328.751
18.237,2956.095,29.946,-10.493,9.783,0.092,4.42E+06,0,0.174,705.102,328.745
18.287,2957.579,29.422,-10.477,9.783,0.091,4.34E+06,0,0.174,704.966,328.739
18.337,2959.037,28.899,-10.447,9.783,0.089,4.27E+06,0,0.174,704.833,328.733
18.387,2960.469,28.377,-10.426,9.783,0.088,4.20E+06,0,0.174,704.702,328.728
18.437,2961.875,27.856,-10.404,9.783,0.086,4.12E+06,0,0.174,704.573,328.722
18.487,2963.255,27.337,-10.381,9.783,0.085,4.05E+06,0,0.174,704.447,328.717
18.537,2964.608,26.818,-10.358,9.783,0.083,3.97E+06,0,0.174,704.323,328.711
18.587,2965.936,26.301,-10.331,9.783,0.082,3.90E+06,0,0.174,704.202,328.706
18.637,2967.238,25.785,-10.302,9.783,0.08,3.83E+06,0,0.175,704.082,328.701
18.687,2968.515,25.271,-10.281,9.783,0.079,3.75E+06,0,0.175,703.966,328.696
18.737,2969.766,24.757,-10.272,9.783,0.077,3.68E+06,0,0.175,703.851,328.691
18.787,2970.991,24.244,-10.254,9.783,0.075,3.60E+06,0,0.175,703.739,328.686
18.837,2972.19,23.731,-10.237,9.783,0.074,3.53E+06,0,0.175,703.629,328.681
18.887,2973.364,23.22,-10.219,9.783,0.072,3.45E+06,0,0.175,703.522,328.677
18.937,2974.512,22.71,-10.194,9.783,0.071,3.38E+06,0,0.176,703.417,328.672
18.987,2975.635,22.2,-10.173,9.783,0.069,3.31E+06,0,0.176,703.314,328.668
19.037,2976.732,21.692,-10.155,9.783,0.068,3.23E+06,0,0.176,703.214,328.664
19.087,2977.804,21.185,-10.137,9.783,0.066,3.16E+06,0,0.176,703.116,328.659
19.137,2978.851,20.678,-10.123,9.783,0.065,3.08E+06,0,0.176,703.02,328.655
19.187,2979.872,20.173,-10.099,9.783,0.063,3.01E+06,0,0.177,702.927,328.651
19.237,2980.868,19.668,-10.078,9.783,0.062,2.94E+06,0,0.177,702.836,328.647
19.287,2981.839,19.165,-10.06,9.783,0.06,2.87E+06,0,0.177,702.747,328.643
19.337,2982.784,18.662,-10.043,9.783,0.059,2.80E+06,0,0.177,702.66,328.64
19.387,2983.705,18.161,-10.021,9.783,0.057,2.73E+06,0,0.178,702.576,328.636
19.437,2984.6,17.66,-10.007,9.783,0.056,2.66E+06,0,0.178,702.494,328.633
19.487,2985.471,17.16,-9.986,9.783,0.054,2.59E+06,0,0.178,702.414,328.629
19.537,2986.316,16.661,-9.968,9.783,0.053,2.52E+06,0,0.178,702.337,328.626
19.587,2987.137,16.163,-9.955,9.783,0.051,2.45E+06,0,0.179,702.262,328.623
19.637,2987.933,15.666,-9.939,9.783,0.05,2.38E+06,0,0.179,702.189,328.619
19.687,2988.704,15.169,-9.926,9.783,0.048,2.31E+06,0,0.179,702.119,328.616
19.737,2989.45,14.674,-9.901,9.783,0.047,2.25E+06,0,0.179,702.051,328.613
19.787,2990.171,14.179,-9.885,9.783,0.046,2.18E+06,0,0.18,701.985,328.611
19.837,2990.868,13.685,-9.87,9.783,0.044,2.12E+06,0,0.18,701.921,328.608
19.887,2991.54,13.192,-9.857,9.783,0.043,2.05E+06,0,0.18,701.859,328.605
19.937,2992.187,12.699,-9.846,9.783,0.042,1.98E+06,0,0.181,701.8,328.603
19.987,2992.81,12.207,-9.831,9.783,0.04,1.92E+06,0,0.181,701.743,328.6
20.037,2993.408,11.716,-9.821,9.783,0.039,1.85E+06,0,0.182,701.688,328.598
20.087,2993.981,11.225,-9.812,9.783,0.037,1.78E+06,0,0.182,701.636,328.596
20.137,2994.53,10.735,-9.797,9.783,0.036,1.72E+06,0,0.182,701.586,328.593
20.187,2995.055,10.246,-9.79,9.783,0.035,1.65E+06,0,0.183,701.538,328.591
20.237,2995.555,9.756,-9.78,9.783,0.033,1.59E+06,0,0.183,701.492,328.589
20.287,2996.03,9.267,-9.771,9.783,0.032,1.52E+06,0,0.184,701.449,328.588
20.337,2996.482,8.779,-9.767,9.783,0.03,1.45E+06,0,0.184,701.407,328.586
20.387,2996.908,8.291,-9.754,9.783,0.029,1.39E+06,0,0.185,701.368,328.584
20.437,2997.311,7.804,-9.744,9.783,0.028,1.33E+06,0,0.185,701.331,328.582
20.487,2997.689,7.317,-9.74,9.783,0.027,1.26E+06,0,0.186,701.297,328.581
20.537,2998.042,6.83,-9.724,9.783,0.025,1.21E+06,0,0.187,701.264,328.58
20.587,2998.372,6.344,-9.708,9.783,0.024,1.16E+06,0,0.187,701.234,328.578
20.637,2998.677,5.859,-9.693,9.783,0.023,1.11E+06,0,0.188,701.206,328.577
20.687,2998.958,5.375,-9.673,9.783,0.022,1.06E+06,0,0.188,701.181,328.576
20.737,2999.214,4.892,-9.662,9.783,0.021,1.01E+06,0,0.189,701.157,328.575
20.787,2999.447,4.409,-9.652,9.783,0.02,9.57E+05,0,0.19,701.136,328.574
20.837,2999.655,3.926,-9.649,9.783,0.019,9.01E+05,0,0.191,701.117,328.573
20.887,2999.839,3.444,-9.637,9.783,0.018,8.59E+05,0,0.191,701.1,328.573
20.937,3000,2.963,-9.616,9.783,0.017,8.32E+05,0,0.192,701.085,328.572
20.987,3000.136,2.482,-9.602,9.783,0.017,7.96E+05,0,0.192,701.074,328.571
21.037,3000.248,2.003,-9.584,9.783,0.016,7.68E+05,0,0.193,701.064,328.571
21.087,3000.336,1.524,-9.567,9.783,0.016,7.39E+05,0,0.193,701.056,328.571
21.137,3000.4,1.045,-9.665,9.783,0.015,7.07E+05,0,0.194,701.051,328.57
21.187,3000.44,0.562,-9.659,9.783,0.014,6.87E+05,0,0.195,701.047,328.57
21.237,3000.456,0.079,-9.657,9.783,0.014,6.62E+05,0,0.195,701.046,328.57
,,,,,,,,,,
,,,,,,,,,,
,,,,,,,,,,
,,,,,,,,,,
,,,,,,,,,,
,,,,,,,,,,
,,,,,,,,,,
,,,,,,,,,,
,,,,,,,,,,
,,,,,,,,,,
,,,,,,,,,,
,,,,,,,,,,
,,,,,,,,,,
,,,,,,,,,,
,,,,,,,,,,
,,,,,,,,,,
,,,,,,,,,,
,,,,,,,,,,
,,,,,,,,,,
,,,,,,,,,,
,,,,,,,,,,
,,,,,,,,,,
,,,,,,,,,,
,,,,,,,,,,
,,,,,,,,,,
,,,,,,,,,,
,,,,,,,,,,
,,,,,,,,,,
,,,,,,,,,,
,,,,,,,,,,
,,,,,,,,,,
,,,,,,,,,,
,,,,,,,,,,
,,,,,,,,,,
,,,,,,,,,,
,,,,,,,,,,
,,,,,,,,,,
,,,,,,,,,,
,,,,,,,,,,
,,,,,,,,,,
,,,,,,,,,,
,,,,,,,,,,
,,,,,,,,,,
,,,,,,,,,,
,,,,,,,,,,
,,,,,,,,,,
,,,,,,,,,,
,,,,,,,,,,
,,,,,,,,,,
,,,,,,,,,,
,,,,,,,,,,
,,,,,,,,,,
,,,,,,,,,,
,,,,,,,,,,
,,,,,,,,,,
,,,,,,,,,,
,,,,,,,,,,
,,,,,,,,,,
,,,,,,,,,,
,,,,,,,,,,
,,,,,,,,,,
,,,,,,,,,,
,,,,,,,,,,
,,,,,,,,,,
,,,,,,,,,,
,,,,,,,,,,
,,,,,,,,,,
,,,,,,,,,,
,,,,,,,,,,
,,,,,,,,,,
,,,,,,,,,,
,,,,,,,,,,
,,,,,,,,,,
,,,,,,,,,,
,,,,,,,,,,
,,,,,,,,,,
,,,,,,,,,,
,,,,,,,,,,
,,,,,,,,,,
,,,,,,,,,,
,,,,,,,,,,
,,,,,,,,,,
,,,,,,,,,,
,,,,,,,,,,
,,,,,,,,,,
,,,,,,,,,,
,,,,,,,,,,
,,,,,,,,,,
,,,,,,,,,,
,,,,,,,,,,
,,,,,,,,,,
,,,,,,,,,,
,,,,,,,,,,
,,,,,,,,,,
,,,,,,,,,,
,,,,,,,,,,
,,,,,,,,,,
,,,,,,,,,,
,,,,,,,,,,
,,,,,,,,,,
,,,,,,,,,,
,,,,,,,,,,
,,,,,,,,,,
,,,,,,,,,,
,,,,,,,,,,
,,,,,,,,,,
,,,,,,,,,,
,,,,,,,,,,
,,,,,,,,,,
,,,,,,,,,,
,,,,,,,,,,
,,,,,,,,,,
,,,,,,,,,,
,,,,,,,,,,
,,,,,,,,,,
,,,,,,,,,,
,,,,,,,,,,
,,,,,,,,,,
,,,,,,,,,,
,,,,,,,,,,
,,,,,,,,,,
,,,,,,,,,,
,,,,,,,,,,
,,,,,,,,,,
,,,,,,,,,,
,,,,,,,,,,
,,,,,,,,,,
,,,,,,,,,,
,,,,,,,,,,
,,,,,,,,,,
,,,,,,,,,,
,,,,,,,,,,
,,,,,,,,,,
,,,,,,,,,,
,,,,,,,,,,
,,,,,,,,,,
,,,,,,,,,,
,,,,,,,,,,
,,,,,,,,,,
,,,,,,,,,,
,,,,,,,,,,
,,,,,,,,,,
,,,,,,,,,,
,,,,,,,,,,
,,,,,,,,,,
,,,,,,,,,,
,,,,,,,,,,
,,,,,,,,,,
,,,,,,,,,,
,,,,,,,,,,
,,,,,,,,,,
,,,,,,,,,,
,,,,,,,,,,
,,,,,,,,,,
,,,,,,,,,,
,,,,,,,,,,
,,,,,,,,,,
,,,,,,,,,,
,,,,,,,,,,
,,,,,,,,,,
,,,,,,,,,,
,,,,,,,,,,
,,,,,,,,,,
,,,,,,,,,,
,,,,,,,,,,
,,,,,,,,,,
,,,,,,,,,,
,,,,,,,,,,
,,,,,,,,,,
,,,,,,,,,,
,,,,,,,,,,
,,,,,,,,,,
,,,,,,,,,,
,,,,,,,,,,
,,,,,,,,,,
,,,,,,,,,,
,,,,,,,,,,
,,,,,,,,,,
,,,,,,,,,,
,,,,,,,,,,
,,,,,,,,,,
,,,,,,,,,,
,,,,,,,,,,
,,,,,,,,,,
,,,,,,,,,,
,,,,,,,,,,
,,,,,,,,,,
,,,,,,,,,,
,,,,,,,,,,
,,,,,,,,,,
,,,,,,,,,,
,,,,,,,,,,
,,,,,,,,,,
,,,,,,,,,,
,,,,,,,,,,
,,,,,,,,,,
,,,,,,,,,,
,,,,,,,,,,
,,,,,,,,,,
,,,,,,,,,,
,,,,,,,,,,
,,,,,,,,,,
,,,,,,,,,,
,,,,,,,,,,
,,,,,,,,,,
,,,,,,,,,,
,,,,,,,,,,
,,,,,,,,,,
,,,,,,,,,,
,,,,,,,,,,
,,,,,,,,,,
,,,,,,,,,,
,,,,,,,,,,
,,,,,,,,,,
,,,,,,,,,,
,,,,,,,,,,
,,,,,,,,,,
,,,,,,,,,,
,,,,,,,,,,
,,,,,,,,,,
,,,,,,,,,,
,,,,,,,,,,
,,,,,,,,,,
,,,,,,,,,,
,,,,,,,,,,
,,,,,,,,,,
,,,,,,,,,,
,,,,,,,,,,
,,,,,,,,,,
,,,,,,,,,,
,,,,,,,,,,
,,,,,,,,,,
,,,,,,,,,,
,,,,,,,,,,
,,,,,,,,,,
,,,,,,,,,,
,,,,,,,,,,
,,,,,,,,,,
,,,,,,,,,,
,,,,,,,,,,
,,,,,,,,,,
,,,,,,,,,,
,,,,,,,,,,
,,,,,,,,,,
,,,,,,,,,,
,,,,,,,,,,
,,,,,,,,,,
,,,,,,,,,,
,,,,,,,,,,
,,,,,,,,,,
,,,,,,,,,,
,,,,,,,,,,
,,,,,,,,,,
,,,,,,,,,,
,,,,,,,,,,
,,,,,,,,,,
,,,,,,,,,,
,,,,,,,,,,
,,,,,,,,,,
,,,,,,,,,,
,,,,,,,,,,
,,,,,,,,,,
,,,,,,,,,,
,,,,,,,,,,
,,,,,,,,,,
,,,,,,,,,,
,,,,,,,,,,
,,,,,,,,,,
,,,,,,,,,,
,,,,,,,,,,
,,,,,,,,,,
,,,,,,,,,,
,,,,,,,,,,
,,,,,,,,,,
,,,,,,,,,,
,,,,,,,,,,
,,,,,,,,,,
,,,,,,,,,,
,,,,,,,,,,
,,,,,,,,,,
,,,,,,,,,,
,,,,,,,,,,
,,,,,,,,,,
,,,,,,,,,,
,,,,,,,,,,
,,,,,,,,,,
,,,,,,,,,,
,,,,,,,,,,
,,,,,,,,,,
,,,,,,,,,,
,,,,,,,,,,
,,,,,,,,,,
,,,,,,,,,,
,,,,,,,,,,
,,,,,,,,,,
,,,,,,,,,,
,,,,,,,,,,
,,,,,,,,,,
,,,,,,,,,,
,,,,,,,,,,
,,,,,,,,,,
,,,,,,,,,,
,,,,,,,,,,
,,,,,,,,,,
,,,,,,,,,,
,,,,,,,,,,
,,,,,,,,,,
,,,,,,,,,,
,,,,,,,,,,
,,,,,,,,,,
,,,,,,,,,,
,,,,,,,,,,
,,,,,,,,,,
,,,,,,,,,,
,,,,,,,,,,
,,,,,,,,,,
,,,,,,,,,,
,,,,,,,,,,
,,,,,,,,,,
,,,,,,,,,,
,,,,,,,,,,
,,,,,,,,,,
,,,,,,,,,,
,,,,,,,,,,
,,,,,,,,,,
,,,,,,,,,,
,,,,,,,,,,
,,,,,,,,,,
,,,,,,,,,,
,,,,,,,,,,
,,,,,,,,,,
,,,,,,,,,,
,,,,,,,,,,
,,,,,,,,,,
,,,,,,,,,,
,,,,,,,,,,
,,,,,,,,,,
,,,,,,,,,,
,,,,,,,,,,
,,,,,,,,,,
,,,,,,,,,,
,,,,,,,,,,
,,,,,,,,,,
,,,,,,,,,,
,,,,,,,,,,
,,,,,,,,,,
,,,,,,,,,,
,,,,,,,,,,
,,,,,,,,,,
,,,,,,,,,,
,,,,,,,,,,
,,,,,,,,,,
,,,,,,,,,,
,,,,,,,,,,
,,,,,,,,,,
,,,,,,,,,,
,,,,,,,,,,
,,,,,,,,,,
,,,,,,,,,,
,,,,,,,,,,
,,,,,,,,,,
,,,,,,,,,,
,,,,,,,,,,
,,,,,,,,,,
,,,,,,,,,,
,,,,,,,,,,
,,,,,,,,,,
,,,,,,,,,,
,,,,,,,,,,
,,,,,,,,,,
,,,,,,,,,,
,,,,,,,,,,
,,,,,,,,,,
,,,,,,,,,,
,,,,,,,,,,
,,,,,,,,,,
,,,,,,,,,,
,,,,,,,,,,
,,,,,,,,,,
,,,,,,,,,,
,,,,,,,,,,
,,,,,,,,,,
,,,,,,,,,,
,,,,,,,,,,
,,,,,,,,,,
,,,,,,,,,,
,,,,,,,,,,
,,,,,,,,,,
,,,,,,,,,,
,,,,,,,,,,
,,,,,,,,,,
,,,,,,,,,,
,,,,,,,,,,
,,,,,,,,,,
,,,,,,,,,,
,,,,,,,,,,
,,,,,,,,,,
,,,,,,,,,,
,,,,,,,,,,
,,,,,,,,,,
,,,,,,,,,,
,,,,,,,,,,
,,,,,,,,,,
,,,,,,,,,,
,,,,,,,,,,
,,,,,,,,,,
,,,,,,,,,,
,,,,,,,,,,
,,,,,,,,,,
,,,,,,,,,,
,,,,,,,,,,
,,,,,,,,,,
,,,,,,,,,,
,,,,,,,,,,
,,,,,,,,,,
,,,,,,,,,,
,,,,,,,,,,
,,,,,,,,,,
,,,,,,,,,,
,,,,,,,,,,
,,,,,,,,,,
,,,,,,,,,,
,,,,,,,,,,
,,,,,,,,,,
,,,,,,,,,,
,,,,,,,,,,
,,,,,,,,,,
,,,,,,,,,,
,,,,,,,,,,
,,,,,,,,,,
,,,,,,,,,,
,,,,,,,,,,
,,,,,,,,,,
,,,,,,,,,,
,,,,,,,,,,
,,,,,,,,,,
,,,,,,,,,,
,,,,,,,,,,
,,,,,,,,,,
,,,,,,,,,,
,,,,,,,,,,
,,,,,,,,,,
,,,,,,,,,,
,,,,,,,,,,
,,,,,,,,,,
,,,,,,,,,,
,,,,,,,,,,
,,,,,,,,,,
,,,,,,,,,,
,,,,,,,,,,
,,,,,,,,,,
,,,,,,,,,,
,,,,,,,,,,
,,,,,,,,,,
,,,,,,,,,,
,,,,,,,,,,
,,,,,,,,,,
,,,,,,,,,,
,,,,,,,,,,
,,,,,,,,,,
,,,,,,,,,,
,,,,,,,,,,
,,,,,,,,,,
,,,,,,,,,,
,,,,,,,,,,
,,,,,,,,,,
,,,,,,,,,,
,,,,,,,,,,
,,,,,,,,,,
,,,,,,,,,,
,,,,,,,,,,
,,,,,,,,,,
,,,,,,,,,,
,,,,,,,,,,
,,,,,,,,,,
,,,,,,,,,,
,,,,,,,,,,
,,,,,,,,,,
,,,,,,,,,,
,,,,,,,,,,
,,,,,,,,,,
,,,,,,,,,,
,,,,,,,,,,
,,,,,,,,,,
,,,,,,,,,,
,,,,,,,,,,
,,,,,,,,,,
,,,,,,,,,,
,,,,,,,,,,
,,,,,,,,,,
,,,,,,,,,,
,,,,,,,,,,
,,,,,,,,,,
,,,,,,,,,,
,,,,,,,,,,
,,,,,,,,,,
,,,,,,,,,,
,,,,,,,,,,
,,,,,,,,,,
,,,,,,,,,,
,,,,,,,,,,
,,,,,,,,,,
,,,,,,,,,,
,,,,,,,,,,
,,,,,,,,,,
,,,,,,,,,,
,,,,,,,,,,
,,,,,,,,,,
,,,,,,,,,,
,,,,,,,,,,
,,,,,,,,,,
,,,,,,,,,,
,,,,,,,,,,
,,,,,,,,,,
,,,,,,,,,,
,,,,,,,,,,
,,,,,,,,,,
,,,,,,,,,,
,,,,,,,,,,
,,,,,,,,,,
,,,,,,,,,,
,,,,,,,,,,
,,,,,,,,,,
,,,,,,,,,,
,,,,,,,,,,
,,,,,,,,,,
,,,,,,,,,,
,,,,,,,,,,
,,,,,,,,,,
,,,,,,,,,,
,,,,,,,,,,
,,,,,,,,,,
,,,,,,,,,,
,,,,,,,,,,
,,,,,,,,,,
,,,,,,,,,,
,,,,,,,,,,
,,,,,,,,,,
,,,,,,,,,,
,,,,,,,,,,
,,,,,,,,,,
,,,,,,,,,,
,,,,,,,,,,
,,,,,,,,,,
,,,,,,,,,,
,,,,,,,,,,
,,,,,,,,,,
,,,,,,,,,,
,,,,,,,,,,
,,,,,,,,,,
,,,,,,,,,,
,,,,,,,,,,
,,,,,,,,,,
,,,,,,,,,,
,,,,,,,,,,
,,,,,,,,,,
,,,,,,,,,,
,,,,,,,,,,
,,,,,,,,,,
,,,,,,,,,,
,,,,,,,,,,
,,,,,,,,,,
,,,,,,,,,,
,,,,,,,,,,
,,,,,,,,,,
,,,,,,,,,,
,,,,,,,,,,
,,,,,,,,,,
,,,,,,,,,,
,,,,,,,,,,
,,,,,,,,,,
,,,,,,,,,,
,,,,,,,,,,
,,,,,,,,,,
,,,,,,,,,,
,,,,,,,,,,
,,,,,,,,,,
,,,,,,,,,,
,,,,,,,,,,
,,,,,,,,,,
,,,,,,,,,,
,,,,,,,,,,
,,,,,,,,,,
,,,,,,,,,,
,,,,,,,,,,
,,,,,,,,,,
,,,,,,,,,,
,,,,,,,,,,
,,,,,,,,,,
,,,,,,,,,,
,,,,,,,,,,
,,,,,,,,,,
,,,,,,,,,,
,,,,,,,,,,
,,,,,,,,,,
,,,,,,,,,,
,,,,,,,,,,
,,,,,,,,,,
,,,,,,,,,,
,,,,,,,,,,
,,,,,,,,,,
,,,,,,,,,,
,,,,,,,,,,
,,,,,,,,,,
,,,,,,,,,,
,,,,,,,,,,
,,,,,,,,,,
,,,,,,,,,,
,,,,,,,,,,
,,,,,,,,,,
,,,,,,,,,,
,,,,,,,,,,
,,,,,,,,,,
,,,,,,,,,,
,,,,,,,,,,
,,,,,,,,,,
,,,,,,,,,,
,,,,,,,,,,
,,,,,,,,,,
,,,,,,,,,,
,,,,,,,,,,
,,,,,,,,,,
,,,,,,,,,,
,,,,,,,,,,
,,,,,,,,,,
,,,,,,,,,,
,,,,,,,,,,
,,,,,,,,,,
,,,,,,,,,,
,,,,,,,,,,
,,,,,,,,,,
,,,,,,,,,,
,,,,,,,,,,
,,,,,,,,,,
,,,,,,,,,,
,,,,,,,,,,
,,,,,,,,,,
,,,,,,,,,,
,,,,,,,,,,
,,,,,,,,,,
,,,,,,,,,,
,,,,,,,,,,
,,,,,,,,,,
,,,,,,,,,,
,,,,,,,,,,
,,,,,,,,,,
,,,,,,,,,,
,,,,,,,,,,
,,,,,,,,,,
,,,,,,,,,,
,,,,,,,,,,
,,,,,,,,,,
,,,,,,,,,,
,,,,,,,,,,
,,,,,,,,,,
,,,,,,,,,,
,,,,,,,,,,
,,,,,,,,,,
,,,,,,,,,,
,,,,,,,,,,
,,,,,,,,,,
,,,,,,,,,,
,,,,,,,,,,
,,,,,,,,,,
,,,,,,,,,,
,,,,,,,,,,
,,,,,,,,,,
,,,,,,,,,,
,,,,,,,,,,
,,,,,,,,,,
,,,,,,,,,,
,,,,,,,,,,
,,,,,,,,,,
,,,,,,,,,,
,,,,,,,,,,
,,,,,,,,,,
,,,,,,,,,,
,,,,,,,,,,
,,,,,,,,,,
,,,,,,,,,,
,,,,,,,,,,
,,,,,,,,,,
,,,,,,,,,,
,,,,,,,,,,
,,,,,,,,,,
,,,,,,,,,,
,,,,,,,,,,
,,,,,,,,,,
,,,,,,,,,,
,,,,,,,,,,
,,,,,,,,,,
,,,,,,,,,,
,,,,,,,,,,
,,,,,,,,,,
,,,,,,,,,,
,,,,,,,,,,
,,,,,,,,,,
,,,,,,,,,,
,,,,,,,,,,
,,,,,,,,,,
,,,,,,,,,,
,,,,,,,,,,
,,,,,,,,,,
,,,,,,,,,,
,,,,,,,,,,
,,,,,,,,,,
,,,,,,,,,,
,,,,,,,,,,
,,,,,,,,,,
,,,,,,,,,,
,,,,,,,,,,
,,,,,,,,,,
,,,,,,,,,,
,,,,,,,,,,
,,,,,,,,,,
,,,,,,,,,,
,,,,,,,,,,
,,,,,,,,,,
,,,,,,,,,,
,,,,,,,,,,
,,,,,,,,,,
,,,,,,,,,,
,,,,,,,,,,
,,,,,,,,,,
,,,,,,,,,,
,,,,,,,,,,
,,,,,,,,,,
,,,,,,,,,,
,,,,,,,,,,
,,,,,,,,,,
,,,,,,,,,,
,,,,,,,,,,
,,,,,,,,,,
,,,,,,,,,,
,,,,,,,,,,
,,,,,,,,,,
,,,,,,,,,,
,,,,,,,,,,
,,,,,,,,,,
,,,,,,,,,,
,,,,,,,,,,
,,,,,,,,,,
,,,,,,,,,,
,,,,,,,,,,
,,,,,,,,,,
,,,,,,,,,,
,,,,,,,,,,
,,,,,,,,,,
,,,,,,,,,,
,,,,,,,,,,
,,,,,,,,,,
,,,,,,,,,,
,,,,,,,,,,
,,,,,,,,,,
,,,,,,,,,,
,,,,,,,,,,
,,,,,,,,,,
,,,,,,,,,,
,,,,,,,,,,
,,,,,,,,,,
,,,,,,,,,,
,,,,,,,,,,
,,,,,,,,,,
,,,,,,,,,,
,,,,,,,,,,
,,,,,,,,,,
,,,,,,,,,,
,,,,,,,,,,
,,,,,,,,,,
,,,,,,,,,,
,,,,,,,,,,
,,,,,,,,,,
,,,,,,,,,,
,,,,,,,,,,
,,,,,,,,,,
,,,,,,,,,,
,,,,,,,,,,
,,,,,,,,,,
,,,,,,,,,,
,,,,,,,,,,
,,,,,,,,,,
,,,,,,,,,,
,,,,,,,,,,
,,,,,,,,,,
,,,,,,,,,,
,,,,,,,,,,
,,,,,,,,,,
,,,,,,,,,,
,,,,,,,,,,
,,,,,,,,,,
,,,,,,,,,,
,,,,,,,,,,
,,,,,,,,,,
,,,,,,,,,,
,,,,,,,,,,
,,,,,,,,,,
,,,,,,,,,,
,,,,,,,,,,
,,,,,,,,,,
,,,,,,,,,,
,,,,,,,,,,
,,,,,,,,,,
,,,,,,,,,,
,,,,,,,,,,
,,,,,,,,,,
,,,,,,,,,,
,,,,,,,,,,
,,,,,,,,,,
